backend,member,group,frames,atoms,component_mae,component_rmse,component_p95,component_p99,component_max,vector_p95,vector_max
mace,dft/FC/CF0.2_d2.3.extxyz,dft/FC/CF0.2_d2.3.extxyz:anneal,8,1152,0.3581764014750788,0.47272771393452234,0.9698667803183464,1.3728928039052934,2.297170839075122,1.4603780617029825,2.3562602908976507
mace,dft/FC/CF0.2_d2.3.extxyz,dft/FC/CF0.2_d2.3.extxyz:melt,8,1152,0.6645370069528512,0.8732964858292559,1.7579919030559252,2.569747092855186,4.77883502303601,2.657233729576201,4.926538335150043
mace,dft/FC/CF0.2_d2.3.extxyz,dft/FC/CF0.2_d2.3.extxyz:quench,8,1152,0.519469675804847,0.6949550698847836,1.4441667460091834,2.0153477675275075,3.370569977309912,2.2457953870833216,4.0799478324403475
mace,dft/FC/CF0.2_d3.2.extxyz,dft/FC/CF0.2_d3.2.extxyz:anneal,8,1152,0.42210590235354223,0.5425153634964223,1.0796814849327423,1.5255899850279995,2.165769971066722,1.6611878048714162,2.458222272871012
mace,dft/FC/CF0.2_d3.2.extxyz,dft/FC/CF0.2_d3.2.extxyz:melt,8,1152,0.8290607284112028,1.0781892835654583,2.1771840231525172,3.0674507102251245,5.678503557338856,3.3104499586367098,6.043417644382058
mace,dft/FC/CF0.2_d3.2.extxyz,dft/FC/CF0.2_d3.2.extxyz:quench,8,1152,0.5810142987531725,0.7713918682650676,1.5741932482957903,2.4445511544916316,3.6339065701156974,2.5359380811525294,4.01503816137088
mace,dft/FC/CF0.4_d2.3.extxyz,dft/FC/CF0.4_d2.3.extxyz:anneal,8,1152,0.33511650418255945,0.4560689411759918,0.9783339403618199,1.4003287113205451,2.121498807411024,1.4787074681275825,2.6795004372646773
mace,dft/FC/CF0.4_d2.3.extxyz,dft/FC/CF0.4_d2.3.extxyz:melt,8,1152,0.6499747061114017,0.868824832915068,1.7741798871478396,2.629010289631201,4.768802981214858,2.7348305636952697,5.230511329635649
mace,dft/FC/CF0.4_d2.3.extxyz,dft/FC/CF0.4_d2.3.extxyz:quench,8,1152,0.5434085512880195,0.7582539973410838,1.5661472600252289,2.3962782782747993,5.113329003980822,2.438517575280262,5.917287223896921
mace,dft/FC/CF0.4_d3.2.extxyz,dft/FC/CF0.4_d3.2.extxyz:anneal,8,1152,0.4234898240403839,0.5693015399869429,1.1773674842606858,1.698756461704629,2.6194115043926707,1.804125340032458,2.964192270158471
mace,dft/FC/CF0.4_d3.2.extxyz,dft/FC/CF0.4_d3.2.extxyz:melt,8,1152,0.8468359105608932,1.1244380666607166,2.2342879558748905,3.2489165142564542,7.330985092588278,3.357659038466457,9.38202547306287
mace,dft/FC/CF0.4_d3.2.extxyz,dft/FC/CF0.4_d3.2.extxyz:quench,8,1152,0.652690075643578,0.8872498717324145,1.9148420767388612,2.7174690177128356,4.626717409601898,2.8568175469053894,5.5369193074940295
mace,dft/etch/trj_CF2_30eV.extxyz,trj_CF2_30eV_case1,32,4801,0.17270719190273684,0.2824924806508884,0.5995285890511031,1.063680615280446,4.1218411907139085,0.9834987292413175,4.13871207531386
mace,dft/etch/trj_CF3_30eV.extxyz,trj_CF3_30eV_case1,32,4800,0.1819164990709782,0.29019635037979113,0.6035236455754587,1.110233485291355,2.810357408101749,1.0241156643337712,3.727018248773386
mace,dft/mqa/mqa_Si.extxyz,dft/mqa/mqa_Si.extxyz:mqa_Si,8,512,0.17599231064746157,0.22330421808601833,0.448255400473101,0.5942489069608446,0.9572220991752928,0.650534166181774,0.9849098764484351
mace,dft/mqa/mqa_SiC.extxyz,dft/mqa/mqa_SiC.extxyz:mqa_SiC,8,512,0.43028040689411634,0.5522411029252735,1.1174150692491827,1.5095065918424226,2.3445407462064445,1.6218111297781648,3.0405966025890616
mace,dft/mqa/mqa_SiO2.extxyz,dft/mqa/mqa_SiO2.extxyz:mqa_SiO2,8,792,0.07978853089230982,0.12671154894944292,0.27162120662054146,0.47619059781687934,1.1428736720109,0.48370661491572675,1.1466480759344653
mace,dft/qsd/qsd_data.extxyz,CF3_10eV_19_10,4,404,8.287407110440956,120.44497478564413,3.4392305253732536,37.1149769609878,2571.5384045863652,6.80786400402597,2953.9292673601535
mace,dft/qsd/qsd_data.extxyz,CF3_10eV_19_59,22,2354,5.113062222232099,79.51995523796204,1.9197670118783623,34.42031065970905,3034.900082285109,5.306184178691291,3506.5387373629646
mace,dft/qsd/qsd_data.extxyz,CF3_10eV_19_68,13,1352,10.464479672344735,142.72031303937035,3.2163597656097735,41.10214124362599,3621.1739679979746,6.558788443895723,4176.768421391017
mace,dft/qsd/qsd_data.extxyz,CF3_10eV_19_84,5,515,9.063307364725482,145.77816941091723,0.868052856464379,46.91363052302765,3496.4022409068284,1.5203465630653226,4034.718661549553
mace,dft/qsd/qsd_data.extxyz,CF3_20eV_4_36,5,545,6.589199597964246,76.48530463190434,1.6218880132007063,26.940363562182146,1417.512625990862,3.904585678327809,1629.9003744098954
mace,dft/qsd/qsd_data.extxyz,CF3_20eV_4_50,5,550,4.010094915784922,63.01760429026135,2.2464715165146103,40.08518932225621,1617.3258805483983,4.747447356505945,1848.896744385739
mace,dft/qsd/qsd_data.extxyz,CF3_20eV_4_78,11,1045,11.974007331621927,160.1584076282515,1.6165290019790393,28.589671016586443,3611.5502640660216,4.205089239161495,4166.4219487417
mace,dft/qsd/qsd_data.extxyz,CF3_20eV_4_98,22,1804,18.450017793191623,245.53169416817127,3.2618021302989932,281.36812752510014,7469.883527089529,10.660259331606648,8589.639868938144
mace,dft/qsd/qsd_data.extxyz,CF3_30eV_9_36,37,3256,13.169146525648358,183.49336622311364,3.3319683266649487,92.03388600236943,7447.420204677865,7.944257582610957,8552.988310372402
mace,dft/qsd/qsd_data.extxyz,CF3_30eV_9_9,13,1365,17.45658260368664,199.352823537483,3.5641898797302662,321.48599300141206,5572.022821360793,7.491015242331511,6427.856606013377
mace,dft/qsd/qsd_data.extxyz,CF_10eV_4_37,10,1080,6.058556671534523,100.1323436237918,1.8166901094407852,30.182636543811633,3111.2531985534333,3.1925101238623173,3558.478974287948
mace,dft/qsd/qsd_data.extxyz,CF_10eV_4_39,4,436,4.020737512833414,64.9948206039257,1.3947887107777435,10.431016768083637,1478.5744028341364,1.8880906021568622,1681.688686247642
mace,dft/qsd/qsd_data.extxyz,CF_10eV_4_5,4,416,7.924073941970699,122.00742715181578,1.9425467597940955,25.35487103051705,2620.9343642904387,3.509829168912081,3048.7465639879993
mace,dft/qsd/qsd_data.extxyz,CF_10eV_4_54,7,735,1.8695636355549294,23.788764074202597,1.3633761703631706,14.60433787514648,581.2668476019705,2.431512323277908,674.8927983047549
mace,dft/qsd/qsd_data.extxyz,CF_10eV_4_93,4,412,20.170599342516088,153.39259725668876,10.220607454799431,579.5660584730127,2238.162460569598,23.03096795345508,2565.7353626344016
mace,dft/qsd/qsd_data.extxyz,CF_10eV_4_98,5,500,9.353162066707027,149.69477466740702,1.0909130838630885,37.543658772352615,3569.3962091878475,1.9601579400215727,4084.5500350230577
mace,dft/qsd/qsd_data.extxyz,CF_20eV_2_32,5,515,6.604280034637887,107.5544517836658,2.1258451696619765,24.203064406866858,2621.7548430471134,4.509531567613413,3004.3838135073024
mace,dft/qsd/qsd_data.extxyz,CF_20eV_2_52,10,930,7.075071698769554,108.06707547160163,1.8679912983418825,71.19033865197352,3365.3885579787734,3.798608121660297,3873.9602342680005
mace,dft/qsd/qsd_data.extxyz,CF_20eV_2_54,9,846,4.915102640204267,57.29729521886712,3.3301540566310552,74.5526900375139,1456.6716234148296,8.372325191075785,1620.5222793181247
mace,dft/qsd/qsd_data.extxyz,CF_20eV_2_76,5,480,11.095174820206765,149.83314598983796,1.7442053532447157,21.210315580972548,3060.2621000652825,4.8249803697775775,3576.139627530693
mace,dft/qsd/qsd_data.extxyz,CF_20eV_2_79,9,846,5.023491181300929,64.01598178651253,1.4880648553099758,24.758934027203612,1413.6287294033182,3.999645575132779,1643.0359984491001
mace,dft/qsd/qsd_data.extxyz,CF_30eV_18_12,6,534,23.534721454701742,334.0465646578887,2.0833407666276544,62.99737882394812,7419.51950492702,3.6895713156461967,8558.710548214005
mace,dft/qsd/qsd_data.extxyz,CF_30eV_18_13,7,623,2.3505535257665757,31.629412202517766,1.2248095713666312,13.643872648584736,782.4756024929496,2.3234670339446484,895.6513207400627
mace,dft/qsd/qsd_data.extxyz,CF_30eV_18_3,27,2754,11.184517211291764,162.99563311515317,2.152872425861465,38.36294535228822,5562.054301296881,4.208767399268901,6428.748077730479
nequip,dft/FC/CF0.2_d2.3.extxyz,dft/FC/CF0.2_d2.3.extxyz:anneal,8,1152,0.538584563870137,0.6910230347873527,1.3743753617910492,1.90362283592406,3.0232032247353,2.0036232079248033,3.1383108720582147
nequip,dft/FC/CF0.2_d2.3.extxyz,dft/FC/CF0.2_d2.3.extxyz:melt,8,1152,0.9471966150351571,1.2227625126782913,2.4593998592455475,3.435222034791952,5.396621554151106,3.6865550580161384,5.56684167471878
nequip,dft/FC/CF0.2_d2.3.extxyz,dft/FC/CF0.2_d2.3.extxyz:quench,8,1152,0.8269600795021375,1.0924004312025912,2.2335404795816296,3.143372877278405,4.983897284341976,3.3242856611387555,5.119591908989856
nequip,dft/FC/CF0.2_d3.2.extxyz,dft/FC/CF0.2_d3.2.extxyz:anneal,8,1152,0.6869511480245952,0.8846314012496117,1.798479072850589,2.422332924875137,3.5777647627192986,2.5933620565349993,4.677756121613037
nequip,dft/FC/CF0.2_d3.2.extxyz,dft/FC/CF0.2_d3.2.extxyz:melt,8,1152,1.1340744088587316,1.4401201175466747,2.826544330756446,3.771496239821606,5.197367573758827,4.189844653307624,5.861979031841354
nequip,dft/FC/CF0.2_d3.2.extxyz,dft/FC/CF0.2_d3.2.extxyz:quench,8,1152,0.8957256466198099,1.1705090949594166,2.407777193065957,3.3761953958542743,5.068017680796135,3.5489725408035264,5.963520474728861
nequip,dft/FC/CF0.4_d2.3.extxyz,dft/FC/CF0.4_d2.3.extxyz:anneal,8,1152,0.5361807361478006,0.7151591729039771,1.489683780213995,2.0935551615438497,3.0274763975017573,2.2525897033082316,3.478303171911374
nequip,dft/FC/CF0.4_d2.3.extxyz,dft/FC/CF0.4_d2.3.extxyz:melt,8,1152,0.9368922110618031,1.232142653329077,2.5596105053776403,3.5486610352317522,5.840703226407755,3.803808534689943,7.060715285666517
nequip,dft/FC/CF0.4_d2.3.extxyz,dft/FC/CF0.4_d2.3.extxyz:quench,8,1152,0.8491542851305502,1.1354008716970747,2.375649096842867,3.40340068800272,5.346535534191197,3.473471327013273,5.580391494525291
nequip,dft/FC/CF0.4_d3.2.extxyz,dft/FC/CF0.4_d3.2.extxyz:anneal,8,1152,0.6682497107938006,0.8515560759260415,1.6990670388667066,2.2831607052564213,3.6448387331852743,2.484179211705342,3.8772854254366353
nequip,dft/FC/CF0.4_d3.2.extxyz,dft/FC/CF0.4_d3.2.extxyz:melt,8,1152,1.0898602472029995,1.4025937885567548,2.810869598552565,3.7945211311944913,6.725583539979013,4.184320339793381,7.03875265454914
nequip,dft/FC/CF0.4_d3.2.extxyz,dft/FC/CF0.4_d3.2.extxyz:quench,8,1152,0.9322937151548837,1.2323475909198587,2.593556414939035,3.46270689306572,5.70384353916774,3.7515690315068277,5.895153108279162
nequip,dft/etch/trj_CF2_30eV.extxyz,trj_CF2_30eV_case1,32,4801,0.23354664154835894,0.34413455666186304,0.7193684837684852,1.2014651338362743,3.7591573416400546,1.1777195311187805,3.816181513141447
nequip,dft/etch/trj_CF3_30eV.extxyz,trj_CF3_30eV_case1,32,4800,0.2315216250689985,0.3385787540685856,0.6958866340508524,1.196632635912562,2.940426539192497,1.1227490530476114,3.4176652443323237
nequip,dft/mqa/mqa_Si.extxyz,dft/mqa/mqa_Si.extxyz:mqa_Si,8,512,0.26401759805664976,0.3303142134951394,0.6450225662093493,0.8703960649736646,1.209863206846681,0.9441563392389417,1.2398297283009094
nequip,dft/mqa/mqa_SiC.extxyz,dft/mqa/mqa_SiC.extxyz:mqa_SiC,8,512,0.49338615249707624,0.640328996372451,1.285589315223994,1.778790002010558,3.1402711024929943,1.8512586475548618,3.4960105644497657
nequip,dft/mqa/mqa_SiO2.extxyz,dft/mqa/mqa_SiO2.extxyz:mqa_SiO2,8,792,0.21519236863673133,0.32804515565674325,0.7043143183810212,1.211564329145018,2.3441817849329505,1.1720122928855077,2.7666039836704353
nequip,dft/qsd/qsd_data.extxyz,CF3_10eV_19_10,4,404,1.7890390674120298,24.943395821054526,1.069876868556248,6.168462798829396,535.8784596775413,1.7866885386890152,615.6879922634688
nequip,dft/qsd/qsd_data.extxyz,CF3_10eV_19_59,22,2354,3.661902506472448,108.2660050689696,1.0632344891532708,13.967622484645302,5529.674027110956,2.2927343100459,6384.842832347309
nequip,dft/qsd/qsd_data.extxyz,CF3_10eV_19_68,13,1352,25.94243664263008,610.1066440520895,1.6911601933189664,15.207245522131009,22618.83607018311,3.9254042396342768,26107.162774669756
nequip,dft/qsd/qsd_data.extxyz,CF3_10eV_19_84,5,515,2.191814675893539,35.17269409416815,0.8130403862384878,4.590180849687445,844.1134979433855,1.1824914409317882,973.6843503797732
nequip,dft/qsd/qsd_data.extxyz,CF3_20eV_4_36,5,545,12.29916541731843,223.817968648375,1.1841279267121865,12.22017108573791,5520.042861218351,3.416083791418798,6373.952277686725
nequip,dft/qsd/qsd_data.extxyz,CF3_20eV_4_50,5,550,0.9059132568639293,8.919877656865587,1.124924929766394,10.216249020387721,235.17869668814205,2.725408858488087,253.04128682672658
nequip,dft/qsd/qsd_data.extxyz,CF3_20eV_4_78,11,1045,8.846575113821372,208.7789575327922,1.2207797009753723,11.125941679808935,7143.043467583999,2.525197390297465,8240.445157296217
nequip,dft/qsd/qsd_data.extxyz,CF3_20eV_4_98,22,1804,24.036408265129175,570.2979181882437,1.613085147482582,57.840311485925255,22628.738630560274,4.250679276260831,26113.1540098329
nequip,dft/qsd/qsd_data.extxyz,CF3_30eV_9_36,37,3256,13.918101548552064,401.90359068134615,1.6207651138504462,23.39584319471817,22472.96713089641,3.6161665144658013,25948.781368586675
nequip,dft/qsd/qsd_data.extxyz,CF3_30eV_9_9,13,1365,12.855295574215782,305.55777966231904,1.2107479705533168,68.63167492145881,11907.712238528797,2.8313671038397956,13729.612494572399
nequip,dft/qsd/qsd_data.extxyz,CF_10eV_4_37,10,1080,1.2389761866742004,14.262216585345566,1.1338053275633024,9.341587546904092,424.3942935350915,2.0865524680285454,489.2464315901034
nequip,dft/qsd/qsd_data.extxyz,CF_10eV_4_39,4,436,0.818485774836103,9.023584930010788,0.773859580000323,6.37995916959272,202.98752388358798,1.7017863445782722,233.39581160911564
nequip,dft/qsd/qsd_data.extxyz,CF_10eV_4_5,4,416,1.9043712949885947,25.040360550241935,0.8947932459840704,10.167137888458964,533.7511539545735,1.5078680298581781,630.619351046685
nequip,dft/qsd/qsd_data.extxyz,CF_10eV_4_54,7,735,0.47688517878464187,2.567918908089444,1.049994164836594,6.569194240541541,72.58140978596975,1.9551490538527,80.06741676555347
nequip,dft/qsd/qsd_data.extxyz,CF_10eV_4_93,4,412,35.00770517683233,348.8403265205336,2.755912987723459,879.4001405790821,6702.128838852475,8.220951783174145,6728.144359569415
nequip,dft/qsd/qsd_data.extxyz,CF_10eV_4_98,5,500,2.267548452037771,35.8456474636367,0.7540841543405705,4.738737436184355,858.0417079693161,1.256317586596613,977.4653378763059
nequip,dft/qsd/qsd_data.extxyz,CF_20eV_2_32,5,515,1.5660964171400031,22.366072882809352,1.1298024078492792,6.2843641067998455,533.9130790806648,1.9729967770099142,622.7005926353686
nequip,dft/qsd/qsd_data.extxyz,CF_20eV_2_52,10,930,1.8752224224115066,26.74533488464305,1.2154881066293262,13.626403309453002,826.9516138630806,1.6131730177035692,952.6927102111223
nequip,dft/qsd/qsd_data.extxyz,CF_20eV_2_54,9,846,1.3189661083846163,9.39853364158195,1.5680903259417964,23.089389482951955,194.77114376062286,3.2157184439635875,217.11930162317321
nequip,dft/qsd/qsd_data.extxyz,CF_20eV_2_76,5,480,1.805511307800517,18.81355191249847,1.2172195963092673,10.634305056912307,378.7059923562447,2.492477507334719,449.4915436172857
nequip,dft/qsd/qsd_data.extxyz,CF_20eV_2_79,9,846,8.10930683085774,179.3234072677441,1.3854001147243447,7.878725369783597,5507.700942236304,2.3205692903642854,6352.697208755152
nequip,dft/qsd/qsd_data.extxyz,CF_30eV_18_12,6,534,3.026894910549283,37.845739983656344,1.4508472029353012,14.094529693099783,872.8779101961,2.0675000156501375,1002.9426828554678
nequip,dft/qsd/qsd_data.extxyz,CF_30eV_18_13,7,623,0.7430121062237485,8.559118909586136,1.0415799328870057,3.682609610454797,225.8878874394352,1.727729241957256,262.18292377179534
nequip,dft/qsd/qsd_data.extxyz,CF_30eV_18_3,27,2754,6.41745863889015,162.59139635784112,0.9550306595793092,9.175225111559458,7122.734103573459,1.6473125609038881,8218.381703208219
deepmd,dft/FC/CF0.2_d2.3.extxyz,dft/FC/CF0.2_d2.3.extxyz:anneal,8,1152,0.1842664176999333,0.24488594970697403,0.5047378093845638,0.714265670140514,1.03403354845139,0.7677900581102696,1.139617255720815
deepmd,dft/FC/CF0.2_d2.3.extxyz,dft/FC/CF0.2_d2.3.extxyz:melt,8,1152,0.29393238540353406,0.3826460488657638,0.7716220650076295,1.0989252598786097,1.4679066806917707,1.1807579893923987,1.7323926595147705
deepmd,dft/FC/CF0.2_d2.3.extxyz,dft/FC/CF0.2_d2.3.extxyz:quench,8,1152,0.225616927401988,0.30023315533625244,0.6207309781835142,0.8991767687473856,1.4410787508136695,0.9394814841455618,1.7883386948390574
deepmd,dft/FC/CF0.2_d3.2.extxyz,dft/FC/CF0.2_d3.2.extxyz:anneal,8,1152,0.17709637597259434,0.23307406248994025,0.46206376419123185,0.6813794597570026,1.1818908303449527,0.7099142954156646,1.2141429573640978
deepmd,dft/FC/CF0.2_d3.2.extxyz,dft/FC/CF0.2_d3.2.extxyz:melt,8,1152,0.3177564444814575,0.414069779452991,0.8391726425288243,1.144830939375671,2.3124520721503075,1.2388068655142528,2.358681443646514
deepmd,dft/FC/CF0.2_d3.2.extxyz,dft/FC/CF0.2_d3.2.extxyz:quench,8,1152,0.21606855728399751,0.2881946104217462,0.6002909097962807,0.8662052031510569,1.4472158328292581,0.8956332348485638,1.7419929391424314
deepmd,dft/FC/CF0.4_d2.3.extxyz,dft/FC/CF0.4_d2.3.extxyz:anneal,8,1152,0.1720403142700069,0.23895592961714157,0.5148401246928552,0.762114903523582,1.057814310796903,0.8097937637486115,1.1316821536258312
deepmd,dft/FC/CF0.4_d2.3.extxyz,dft/FC/CF0.4_d2.3.extxyz:melt,8,1152,0.29068672230534215,0.38871042254593485,0.8309314256987,1.1180524315096625,1.8202906672293842,1.241807122936041,1.9272712378439725
deepmd,dft/FC/CF0.4_d2.3.extxyz,dft/FC/CF0.4_d2.3.extxyz:quench,8,1152,0.24261950325494203,0.32870949340069333,0.6884748155739133,0.990741916256128,1.59071097488887,1.0532373542743088,1.8517964006363226
deepmd,dft/FC/CF0.4_d3.2.extxyz,dft/FC/CF0.4_d3.2.extxyz:anneal,8,1152,0.19270513995171676,0.26603349575400764,0.5553774431022753,0.8459337921395286,1.396520668233752,0.8858334191892777,1.3967670183143437
deepmd,dft/FC/CF0.4_d3.2.extxyz,dft/FC/CF0.4_d3.2.extxyz:melt,8,1152,0.3065253520949933,0.40555210861503505,0.8389748055123443,1.1954343398384166,2.07175838950259,1.235572958904911,2.7749945366742015
deepmd,dft/FC/CF0.4_d3.2.extxyz,dft/FC/CF0.4_d3.2.extxyz:quench,8,1152,0.2642216072137341,0.35905380448106095,0.7315304664516977,1.1130829977446475,1.797361385704643,1.168314265422432,1.8803826762432032
deepmd,dft/etch/trj_CF2_30eV.extxyz,trj_CF2_30eV_case1,32,4801,0.1208395934327151,0.19463521279635115,0.39821739773236997,0.7417821271233596,2.504879531464474,0.6614190029977354,2.916583111327804
deepmd,dft/etch/trj_CF3_30eV.extxyz,trj_CF3_30eV_case1,32,4800,0.13279997300650154,0.21160017078027538,0.4306844437481283,0.7625502443504532,2.994958797870636,0.6868865961378573,3.0139854493002574
deepmd,dft/mqa/mqa_Si.extxyz,dft/mqa/mqa_Si.extxyz:mqa_Si,8,512,0.1037985370870488,0.13183592312843206,0.2669561813777305,0.3379149279480694,0.5351752573054991,0.3625127418210079,0.730845169924793
deepmd,dft/mqa/mqa_SiC.extxyz,dft/mqa/mqa_SiC.extxyz:mqa_SiC,8,512,0.17852327856052372,0.22814537613026867,0.4445542584289867,0.6397022389146485,1.005225562221825,0.662385860705314,1.040107117988051
deepmd,dft/mqa/mqa_SiO2.extxyz,dft/mqa/mqa_SiO2.extxyz:mqa_SiO2,8,792,0.0585704882203288,0.0917109934646553,0.17731625883720276,0.3406846102176465,0.7562837235494779,0.31270460636702263,0.9100495616098608
deepmd,dft/qsd/qsd_data.extxyz,CF3_10eV_19_10,4,404,10.571130085615863,159.66740322773003,0.8051625901706057,19.958484086654337,3356.1835451209886,1.3377038332778877,3879.8255088225055
deepmd,dft/qsd/qsd_data.extxyz,CF3_10eV_19_59,22,2354,18.474187264118388,479.42322668924305,2.9075860980656345,78.92623123278305,24895.503349355422,8.28828142461976,27368.376261629288
deepmd,dft/qsd/qsd_data.extxyz,CF3_10eV_19_68,13,1352,50.994976028899934,1195.5265760311502,12.088459105952502,647.750147832627,51970.178142146324,30.288598623577922,53664.3673991638
deepmd,dft/qsd/qsd_data.extxyz,CF3_10eV_19_84,5,515,11.65705576050882,196.6147974895979,0.6340903880791108,17.675906221836982,4685.7207350419985,1.374153563981406,5394.273595928967
deepmd,dft/qsd/qsd_data.extxyz,CF3_20eV_4_36,5,545,20.275643100549615,290.0113643792726,15.624060171781347,267.543418065432,7570.449516452465,31.886307816743326,8163.762540301649
deepmd,dft/qsd/qsd_data.extxyz,CF3_20eV_4_50,5,550,6.423524068429831,96.42341306658214,0.7077801431407998,89.32281610448223,2436.6544451724876,1.2338892466544296,2784.3264384623362
deepmd,dft/qsd/qsd_data.extxyz,CF3_20eV_4_78,11,1045,27.646720770408354,466.895724382294,3.859857129294563,88.69100758927101,15213.283416366501,9.962082700010075,17334.528122723168
deepmd,dft/qsd/qsd_data.extxyz,CF3_20eV_4_98,22,1804,37.41847824104343,529.3893547071565,6.958582920895023,341.6838330420047,13193.19880846161,17.915928475262376,17701.685189391847
deepmd,dft/qsd/qsd_data.extxyz,CF3_30eV_9_36,37,3256,31.36867119833295,627.0966203146927,7.826513654892846,290.0867610152451,34856.202418165165,19.238305589883247,40091.244904766194
deepmd,dft/qsd/qsd_data.extxyz,CF3_30eV_9_9,13,1365,28.982221312636874,370.0790144729034,8.086378234151834,468.7279451837962,11694.241501916857,20.48430444251665,13534.986569922732
deepmd,dft/qsd/qsd_data.extxyz,CF_10eV_4_37,10,1080,9.357844447404533,150.34592785293995,1.735265413937422,44.90541738351937,4473.459150057389,5.759303050292341,5264.82626260278
deepmd,dft/qsd/qsd_data.extxyz,CF_10eV_4_39,4,436,5.254927794578617,83.47937284122868,0.5132689195452853,12.487924249959372,1834.4863318641621,0.7778153266485643,2120.3729079696627
deepmd,dft/qsd/qsd_data.extxyz,CF_10eV_4_5,4,416,10.129310217181223,153.81755811063235,0.879104168349252,23.930249236182476,3274.298244807576,1.384528841412802,3801.339435633884
deepmd,dft/qsd/qsd_data.extxyz,CF_10eV_4_54,7,735,2.333419457404959,35.10742333299959,0.7373243781264849,8.750093879799072,882.9111140149532,1.345999680637734,1023.1135887047961
deepmd,dft/qsd/qsd_data.extxyz,CF_10eV_4_93,4,412,70.97205884006262,594.4703962802366,24.551273193508393,1885.9408838845839,10244.270640325256,45.844042853964865,11381.469326616874
deepmd,dft/qsd/qsd_data.extxyz,CF_10eV_4_98,5,500,12.04716716982291,201.78062796655664,0.5880265290943697,7.764256998263528,4726.0679789886135,0.9733718228543917,5448.390137298388
deepmd,dft/qsd/qsd_data.extxyz,CF_20eV_2_32,5,515,8.16208243528329,139.72122678578,0.7390100652550019,8.793271029668496,3320.0379164439696,1.4206654073202034,3837.3194053947987
deepmd,dft/qsd/qsd_data.extxyz,CF_20eV_2_52,10,930,9.842949954519948,151.68303187043614,0.8525902923909607,113.25085839020346,4585.322572469788,1.2207757204397323,5293.7709030879305
deepmd,dft/qsd/qsd_data.extxyz,CF_20eV_2_54,9,846,7.616941841470924,86.3075643406556,1.5382549172551458,167.38024061513445,1929.88049284871,3.0325212268906556,2223.1660692133178
deepmd,dft/qsd/qsd_data.extxyz,CF_20eV_2_76,5,480,15.279734905376742,202.1856253807055,2.5205259697548104,32.54495929649697,3907.623169283007,5.668925365823987,4812.636001624175
deepmd,dft/qsd/qsd_data.extxyz,CF_20eV_2_79,9,846,57.03456754356442,1146.228710384506,5.689668676918543,296.3901221371035,31996.525265236574,16.62281646676199,41756.600475498424
deepmd,dft/qsd/qsd_data.extxyz,CF_30eV_18_12,6,534,33.3031652034764,488.0984214349947,2.300565352470027,81.59300256653273,11150.50979029098,5.6745488069527354,12819.755960783641
deepmd,dft/qsd/qsd_data.extxyz,CF_30eV_18_13,7,623,3.528577218565647,51.58663065030551,0.5781692144302576,5.116995770002028,1254.667167561916,1.0165062086180474,1446.6932242622706
deepmd,dft/qsd/qsd_data.extxyz,CF_30eV_18_3,27,2754,18.46657447179565,295.6119563550857,7.456591746895568,112.47669364713947,12095.281870090459,18.315611551481553,12919.566079428057
