backend,track,category,subset,atoms,component_mae,component_rmse,component_p95,component_p99,component_max,vector_p95,vector_max
mace,FC,chemical_subset,C/F,13824,0.5688232987981275,0.7871056364961426,1.625714143022373,2.51157684832475,7.330985092588278,2.6022954246425014,9.38202547306287
mace,FC,element,C,10704,0.62021555339976,0.835902671352074,1.7045849659185157,2.568359580854559,6.986444875197098,2.698049279991143,9.38202547306287
mace,FC,element,F,3120,0.39250833301098853,0.5897671113121156,1.2065876369440023,2.1037219690335407,7.330985092588278,2.038793283790835,8.050378418999523
mace,FC,nearest_distance_A,"[1,1.5)",12249,0.5772426447233651,0.798604886055154,1.6527686361588143,2.538025178611489,7.330985092588278,2.633293843092263,9.38202547306287
mace,FC,nearest_distance_A,"[1.5,2)",1514,0.5065922201129169,0.6960093920092013,1.428830678875805,2.2848772726641147,4.458140719700074,2.2484596570548434,5.37995795744606
mace,FC,nearest_distance_A,"[2,inf)",61,0.422746001932132,0.5579278840125459,1.219178411672989,1.5599270354824153,1.678488687238374,1.7610720570921312,1.9898176337523967
mace,etch,chemical_subset,C/F,1513,0.18545020387886543,0.31540351619491686,0.6780961099863664,1.243588895512582,3.1869940299504345,1.1845871733163431,3.730725746183088
mace,etch,chemical_subset,Si/O,8088,0.17578885576125264,0.28060534380296925,0.5867450499219194,1.049091023581411,4.1218411907139085,0.9578072239583045,4.13871207531386
mace,etch,element,C,153,0.4785531631059459,0.6711445198729667,1.2985709613558423,2.2343095599419946,3.1869940299504345,1.938100853087977,3.730725746183088
mace,etch,element,F,1360,0.1524761209658189,0.24494259392515816,0.5208463685561144,0.9248567856357839,2.501885221861187,0.8659490230501061,3.1019137655919415
mace,etch,element,O,5260,0.13827588989615694,0.21263864972713914,0.45093625558351275,0.771830669931189,1.9565099551072143,0.7513411097620991,2.1311643214554365
mace,etch,element,Si,2828,0.24556191108317746,0.37562395416322564,0.7889622691987993,1.3717533603767553,4.1218411907139085,1.2711255137841881,4.13871207531386
mace,etch,nearest_distance_A,"[1,1.5)",605,0.3291851075152234,0.48759234588703293,1.0327380659354084,1.6695699387112535,3.1869940299504345,1.6140992321839367,3.730725746183088
mace,etch,nearest_distance_A,"[1.5,2)",8967,0.16703586715647378,0.26742230483950363,0.5591659387409739,0.9903747030519678,4.1218411907139085,0.9143980442763842,4.13871207531386
mace,etch,nearest_distance_A,"[2,inf)",29,0.18616596644566352,0.27838871254593417,0.6398446458558863,0.8867049608061904,0.961879687032434,1.0134662671495804,1.221593772234228
mace,mqa,chemical_subset,C/F,256,0.4443305304919966,0.5756481166164864,1.1526944066210516,1.5928871651811385,2.3445407462064445,1.7332565727093765,3.0405966025890616
mace,mqa,chemical_subset,Si/O,1560,0.16657405900131164,0.26501187517307784,0.575415274170907,0.9845705438737311,1.8229335157822812,1.0150529791280318,2.3305281777781373
mace,mqa,element,C,256,0.4443305304919966,0.5756481166164864,1.1526944066210516,1.5928871651811385,2.3445407462064445,1.7332565727093765,3.0405966025890616
mace,mqa,element,O,528,0.06606179364129784,0.10318946818102114,0.22449750631221196,0.3925896871622301,0.7229867479064271,0.36378193428194383,0.7617192561470284
mace,mqa,element,Si,1032,0.21799893895294659,0.3173574263047094,0.6839961287162956,1.079677904165065,1.8229335157822812,1.162962884378645,2.3305281777781373
mace,mqa,nearest_distance_A,"[1,1.5)",127,0.43820039461231186,0.6013073484257307,1.2532440523631783,1.6923962255809357,2.3445407462064445,2.0468849875750426,3.0405966025890616
mace,mqa,nearest_distance_A,"[1.5,2)",1162,0.19011965748614942,0.3187026886569926,0.7652201958519022,1.1377928320230646,1.8229335157822812,1.2332258576781794,2.3305281777781373
mace,mqa,nearest_distance_A,"[2,inf)",527,0.18412458393420872,0.2403598802028,0.47879990278245343,0.6886504026720753,1.3174578068595566,0.6969187907583144,1.831325230105654
mace,qsd,archived_drag_distance_A,"[0,0.5)",7686,27.85355384816441,269.9193401389657,6.749109179401391,1049.9118428309116,7469.883527089529,18.117222018848313,8589.639868938144
mace,qsd,archived_drag_distance_A,"[0.5,1)",8497,2.6781507364494095,31.0581102383388,1.9105717854467168,38.7271236315043,1341.7923985842751,4.665284970209326,1507.9418959386558
mace,qsd,archived_drag_distance_A,"[1,1.5)",3386,1.503878189214953,23.38693466763543,1.1387029508182225,17.914217882152208,1248.949700886707,2.2529279390295636,1391.6896000571332
mace,qsd,archived_drag_distance_A,"[1.5,2)",3582,1.3030714450488188,19.799268629856982,0.8959507211006523,7.040882577247518,705.6258968427135,1.6418131853275006,781.7369014268461
mace,qsd,archived_drag_distance_A,"[2,inf)",1146,0.3527959281749819,2.1988928551382068,0.746271663146617,2.722217790652203,47.94086785500255,1.261803692054898,68.03819790783393
mace,qsd,chemical_subset,C/F,4616,40.414328969216854,313.2770010699467,34.57816364443104,1428.0999795209632,7469.883527089529,91.38449295027824,8589.639868938144
mace,qsd,chemical_subset,Si/O,19681,3.071498234908416,77.56485838285082,1.0138525358979054,8.47791514938282,5480.967969876352,1.82219327312619,6336.311631137653
mace,qsd,element,C,1411,47.93268082585165,272.00277185677925,69.62037238938768,1419.4367887487247,3633.773742125599,647.5721696482801,4176.768421391017
mace,qsd,element,F,3205,37.104377496607896,329.81445796290785,25.398134071676033,1432.0427964310563,7469.883527089529,61.346987851890965,8589.639868938144
mace,qsd,element,O,12802,3.0207626613172756,85.78027493372129,0.7329694253057366,5.120121597166587,5480.967969876352,1.2925752383434863,6336.311631137653
mace,qsd,element,Si,6879,3.1659184723141096,59.32036866442724,1.4912138179621057,17.04250185987489,3107.116464996394,2.4946588446413274,3546.612216929725
mace,qsd,nearest_distance_A,"[0,0.5)",176,1190.5120890829862,1788.8282484041497,3578.4271122583154,6855.980988731325,7469.883527089529,6325.901899052204,8589.639868938144
mace,qsd,nearest_distance_A,"[0.5,1)",288,84.51846944994162,167.2879544969189,379.9853062253127,774.3310999309263,820.9489727965081,708.4013078445303,953.688765047381
mace,qsd,nearest_distance_A,"[1,1.5)",2053,2.6876152920008636,8.261385954150798,14.883776096403713,41.28751935366256,102.35811734394721,29.160841432557714,117.39524792481659
mace,qsd,nearest_distance_A,"[1.5,2)",21780,0.34956741085725457,1.503142372265244,0.9512732975024986,4.126245088627983,66.05512498912151,1.719353105016013,77.7515883267119
nequip,FC,chemical_subset,C/F,13824,0.8368436139502005,1.115140905921549,2.3288230180137144,3.3283433034082615,6.725583539979013,3.5231480874454006,7.060715285666517
nequip,FC,element,C,10704,0.920454872901902,1.2030497657985941,2.467477766364833,3.4511660725086353,6.725583539979013,3.6871219756098026,7.060715285666517
nequip,FC,element,F,3120,0.5499926793928245,0.7378241644061887,1.5177957455209636,2.2881436351959,4.113592751155014,2.3695654473445633,5.386492956163936
nequip,FC,nearest_distance_A,"[1,1.5)",12249,0.8514308617517095,1.1352485976403617,2.371976760802961,3.3839267341937584,6.725583539979013,3.5909195275362213,7.060715285666517
nequip,FC,nearest_distance_A,"[1.5,2)",1514,0.7344866330127506,0.9552036341236252,1.928417575227313,2.7520424529916583,4.412100012881641,2.8611904353754314,4.928181351618504
nequip,FC,nearest_distance_A,"[2,inf)",61,0.44814313556685875,0.6128486066622547,1.355853296401659,1.815816866274194,2.741591376415673,2.0689743727366374,2.7664313357270847
nequip,etch,chemical_subset,C/F,1513,0.2333894320192807,0.3558816225312406,0.7333833416998188,1.375407735713462,2.5003874305452096,1.2260034862717628,2.902236910021168
nequip,etch,chemical_subset,Si/O,8088,0.2323742601087651,0.3385842035070184,0.7020592864521552,1.1776810540503946,3.7591573416400546,1.1316024767899586,3.816181513141447
nequip,etch,element,C,153,0.5585173942195072,0.7466954577259662,1.5821881530715776,2.1105225115758977,2.5003874305452096,2.3008882226849865,2.902236910021168
nequip,etch,element,F,1360,0.19681253627175524,0.27959830436805627,0.5901663041981158,0.9778232951684726,1.8022795205948094,0.965505940430837,2.266252298072986
nequip,etch,element,O,5260,0.18132121651879676,0.2566988902723737,0.5250353382449081,0.8507617282602628,2.126349325035939,0.8514972761568371,2.971427503282766
nequip,etch,element,Si,2828,0.32733147696988024,0.4531042674399132,0.9270592472236878,1.4654922040977156,3.7591573416400546,1.4218436703658717,3.816181513141447
nequip,etch,nearest_distance_A,"[1,1.5)",605,0.4010405169093163,0.5611822052091874,1.2161457106694968,1.797832919374675,2.940426539192497,1.9230092371419845,3.3520831626686234
nequip,etch,nearest_distance_A,"[1.5,2)",8967,0.22120794351500142,0.32115090819020026,0.6669022922780072,1.0984861076362107,3.7591573416400546,1.072273996887314,3.816181513141447
nequip,etch,nearest_distance_A,"[2,inf)",29,0.21931324743826977,0.34535913432009263,0.8422421043362429,1.141028463124263,1.1796905861636242,1.2545223455315078,1.7312246744173294
nequip,mqa,chemical_subset,C/F,256,0.5108197718940541,0.6794170641991816,1.3906866834430254,2.097576480725396,3.1402711024929943,2.1820982566531026,3.4960105644497657
nequip,mqa,chemical_subset,Si/O,1560,0.2740084709223853,0.386347420970772,0.8264240579444447,1.2676175398438503,2.3441817849329505,1.344628238519362,2.7666039836704353
nequip,mqa,element,C,256,0.5108197718940541,0.6794170641991816,1.3906866834430254,2.097576480725396,3.1402711024929943,2.1820982566531026,3.4960105644497657
nequip,mqa,element,O,528,0.15958333599242183,0.23052819494249707,0.4830652604537916,0.8153113532865339,1.295010033850117,0.831650012580256,1.3953501728840192
nequip,mqa,element,Si,1032,0.332551563212134,0.44546891832440694,0.940293372347381,1.4032157975224697,2.3441817849329505,1.468044977620195,2.7666039836704353
nequip,mqa,nearest_distance_A,"[1,1.5)",127,0.5819841206033968,0.7725830142977325,1.515902784315355,2.2383837984529698,3.1402711024929943,2.578935769973555,3.4960105644497657
nequip,mqa,nearest_distance_A,"[1.5,2)",1162,0.29418536447911187,0.42873492795746193,0.9606751770896056,1.4281209415814968,2.3441817849329505,1.5052582166785058,2.7666039836704353
nequip,mqa,nearest_distance_A,"[2,inf)",527,0.27033719051696314,0.34196692258306016,0.6546916716255246,0.9360919217145407,1.2987719341179744,0.9860152332408666,1.8733579222691161
nequip,qsd,archived_drag_distance_A,"[0,0.5)",7686,26.41105680908482,509.21469663020036,2.2713331166654855,214.79413746599664,22628.738630560274,5.201334559650059,26113.1540098329
nequip,qsd,archived_drag_distance_A,"[0.5,1)",8497,0.8460825370445451,7.7208462201784,1.1789666309726843,10.125915600930666,379.14957223804754,2.198554038196479,413.1468867754195
nequip,qsd,archived_drag_distance_A,"[1,1.5)",3386,1.2331136219678545,31.33766559700174,1.0021533990386537,6.154062683847911,1807.095925945483,1.7102985631017977,2215.569412005994
nequip,qsd,archived_drag_distance_A,"[1.5,2)",3582,0.86043258968793,18.425666871537178,0.9135487101401973,3.8886143610934685,959.8969308469375,1.507716194505701,1332.1400782683102
nequip,qsd,archived_drag_distance_A,"[2,inf)",1146,0.27697144891163655,0.5248402892658026,0.8727664194531723,2.0065374985726643,8.746038405129969,1.3711756486247006,10.242236254872083
nequip,qsd,chemical_subset,C/F,4616,28.69432622073519,481.39984598794547,10.053050888095186,350.1222529794475,22604.9125481836,27.15060756442479,26083.942974519137
nequip,qsd,chemical_subset,Si/O,19681,4.334451382433711,217.17877745924218,0.8391635211054898,3.1182889305569175,22628.738630560274,1.286658609878438,26113.1540098329
nequip,qsd,element,C,1411,49.73776184622762,502.6909485549927,18.28206452841968,619.644608618397,11976.052515252377,96.38854099574459,13808.701848562321
nequip,qsd,element,F,3205,19.42996189388033,471.7218835882274,7.689075458312949,213.3427317013599,22604.9125481836,17.87630621740113,26083.942974519137
nequip,qsd,element,O,12802,1.7201183340459667,84.73950487258078,0.6561513665521083,1.9422559707330993,7143.043467583999,0.9599426537381067,8240.667935598873
nequip,qsd,element,Si,6879,9.199793973720222,348.6851264832149,1.1224889189399248,5.538035730947656,22628.738630560274,1.6933312505178497,26113.1540098329
nequip,qsd,nearest_distance_A,"[0,0.5)",176,1157.0357731911972,3368.9076607177603,6828.405647410375,19897.625215833283,22628.738630560274,13698.253407840843,26113.1540098329
nequip,qsd,nearest_distance_A,"[0.5,1)",288,20.28775893291783,40.63993168954955,95.8822131302539,199.73617050861225,245.1871280951616,152.22300028146347,282.0556318899532
nequip,qsd,nearest_distance_A,"[1,1.5)",2053,1.313930554733257,3.3677725562796437,5.978118404538333,15.7089835390916,38.793111238953486,12.83889214055909,50.17922101108475
nequip,qsd,nearest_distance_A,"[1.5,2)",21780,0.25622944946708426,0.5734369803614418,0.7737545027690212,1.7245460164119502,18.246899336003757,1.2319750266290848,22.537409861224646
deepmd,FC,chemical_subset,C/F,13824,0.24029464561118666,0.3273341993923386,0.6883885384041336,1.0114415674329382,2.3124520721503075,1.063505311085924,2.7749945366742015
deepmd,FC,element,C,10704,0.268571463801546,0.3563800703763706,0.7362459761296015,1.0560691381773988,2.3124520721503075,1.1264625952638132,2.7749945366742015
deepmd,FC,element,F,3120,0.14328340781964619,0.19752409875323304,0.40709550284522733,0.6306493792461629,1.5943296482105853,0.6264304485927005,1.8923488333665677
deepmd,FC,nearest_distance_A,"[1,1.5)",12249,0.24480261795899774,0.3329470436508157,0.7011337717500612,1.021854283371281,2.3124520721503075,1.079376079279003,2.7749945366742015
deepmd,FC,nearest_distance_A,"[1.5,2)",1514,0.20671028186325816,0.28198862060849084,0.5811190742446718,0.935425112746775,1.4159111528145067,0.9049912647379442,1.7475224348179874
deepmd,FC,nearest_distance_A,"[2,inf)",61,0.1686319148902947,0.2207474752398851,0.43897504165047707,0.6031650810267961,0.6421985210695564,0.6970595832187467,0.8096697199864318
deepmd,etch,chemical_subset,C/F,1513,0.11027531331579295,0.19866505592697165,0.394681827072007,0.7637487566971148,2.994958797870636,0.6888351364047436,3.0139854493002574
deepmd,etch,chemical_subset,Si/O,8088,0.1299139724845299,0.2041480956281456,0.41758119475032346,0.7492347783976864,2.504879531464474,0.6757649622446736,2.916583111327804
deepmd,etch,element,C,153,0.2781138466038327,0.4314491009711052,0.8777563373139239,1.5002502625549317,2.994958797870636,1.4166697624688893,3.0139854493002574
deepmd,etch,element,F,1360,0.0913934783208885,0.15154618335579126,0.3207626019645728,0.6099442863093704,1.485130255109726,0.5811963665372109,1.958582705260047
deepmd,etch,element,O,5260,0.10575811228594187,0.15991892857593756,0.33681677928611575,0.560113673472336,1.3785065988376504,0.5254046239875666,1.855932831742987
deepmd,etch,element,Si,2828,0.17484318911981037,0.2676311239872831,0.5352595895086749,0.9568088611692831,2.504879531464474,0.871337479741896,2.916583111327804
deepmd,etch,nearest_distance_A,"[1,1.5)",605,0.1943888681785004,0.31396117364557075,0.6558348387908932,1.186959807402509,2.994958797870636,1.1049935249381653,3.0139854493002574
deepmd,etch,nearest_distance_A,"[1.5,2)",8967,0.12226528977259044,0.19365118744418328,0.4011835281350016,0.715893860938515,2.504879531464474,0.6442155617014885,2.916583111327804
deepmd,etch,nearest_distance_A,"[2,inf)",29,0.12526344354694804,0.17503988482567517,0.2991711724810889,0.6147583767394416,0.620602548138868,0.5737317491931637,0.8376604383482295
deepmd,mqa,chemical_subset,C/F,256,0.18417668941732024,0.23565544015274437,0.4810014849513285,0.6469474003940101,1.005225562221825,0.6563880926530592,1.040107117988051
deepmd,mqa,chemical_subset,Si/O,1560,0.09217138704565613,0.1339573917804732,0.28477527125034136,0.4457186401019477,0.8106862063053468,0.45027721195204473,0.9100495616098608
deepmd,mqa,element,C,256,0.18417668941732024,0.23565544015274437,0.4810014849513285,0.6469474003940101,1.005225562221825,0.6563880926530592,1.040107117988051
deepmd,mqa,element,O,528,0.04935418550229081,0.07607955445655025,0.14645282547273064,0.27828008021909334,0.6121218246824416,0.24873686855792282,0.7881632768646961
deepmd,mqa,element,Si,1032,0.11407786225388956,0.1554483174026098,0.3205056048442588,0.4813832264141058,0.8106862063053468,0.5002681340336296,0.9100495616098608
deepmd,mqa,nearest_distance_A,"[1,1.5)",127,0.1834379233529132,0.2483876566103527,0.5118672537369728,0.6860043305017566,1.005225562221825,0.7404220843387181,1.040107117988051
deepmd,mqa,nearest_distance_A,"[1.5,2)",1162,0.09599978248779788,0.1453120224582672,0.3276055692613392,0.4975035258594273,0.8106862063053468,0.519856380512976,0.9894458243704107
deepmd,mqa,nearest_distance_A,"[2,inf)",527,0.1064292841848509,0.13663318749484354,0.2761904123118799,0.3804282611455409,0.6240115547726881,0.3753563786762031,0.7561103080906973
deepmd,qsd,archived_drag_distance_A,"[0,0.5)",7686,68.48655050012889,917.3532055599351,22.8387911786247,1670.8515158472408,51970.178142146324,52.251266021654615,53664.3673991638
deepmd,qsd,archived_drag_distance_A,"[0.5,1)",8497,4.022385731851446,47.59515944069142,0.9547387458059704,82.8184179370638,1696.0610040985823,1.939324029829149,1901.7595043183435
deepmd,qsd,archived_drag_distance_A,"[1,1.5)",3386,2.2175721404803146,41.40527724694387,0.7331298809110154,12.885352283763535,1896.5532773954783,1.4728846354760452,2224.295208210856
deepmd,qsd,archived_drag_distance_A,"[1.5,2)",3582,1.943208409780118,36.73017917151794,0.5186704646254806,3.741045416321655,1313.9456567577586,0.8747223209843087,1699.4284605925336
deepmd,qsd,archived_drag_distance_A,"[2,inf)",1146,0.14228237647232989,0.43503189524035873,0.4192914529923199,0.9221217025558476,9.401118511616858,0.6879534078822823,13.332548127417322
deepmd,qsd,chemical_subset,C/F,4616,89.36403776406367,982.2582081570498,80.28274288686268,2075.2682643403036,51745.41711241552,264.2968026837883,53104.009394105335
deepmd,qsd,chemical_subset,Si/O,19681,8.266539697350263,322.2896617005259,1.9298826516879135,23.63038391395765,51970.178142146324,4.670894034601097,53664.3673991638
deepmd,qsd,element,C,1411,127.73203610550348,1202.7838708191096,220.94290617322332,2565.134752409393,31996.525265236574,761.0622501303621,41756.600475498424
deepmd,qsd,element,F,3205,72.47254145836271,867.5790776062817,42.314432530511304,1893.387520295533,51745.41711241552,155.57535153334808,53104.009394105335
deepmd,qsd,element,O,12802,5.667198095795747,163.72738052028237,1.4311779483936196,17.727086913307886,15213.283416366501,3.2357123686600273,17334.528122723168
deepmd,qsd,element,Si,6879,13.103982811625722,497.28131233880276,3.2978761990914855,40.840426314549966,51970.178142146324,8.00147907993667,53664.3673991638
deepmd,qsd,nearest_distance_A,"[0,0.5)",176,2789.312808365203,6044.979008943469,11255.353417009585,28289.055825815172,51970.178142146324,17660.86672163147,53664.3673991638
deepmd,qsd,nearest_distance_A,"[0.5,1)",288,142.53917605802104,267.9173820485258,563.4034611504696,1256.042511825609,1366.182013619418,1039.8873633164635,1578.6253416141135
deepmd,qsd,nearest_distance_A,"[1,1.5)",2053,6.843323968411793,66.02413766422369,15.761724647067025,112.52365019530785,2520.403821342041,33.85319408929453,2579.8827975985914
deepmd,qsd,nearest_distance_A,"[1.5,2)",21780,1.3396916904652536,41.19699324876568,1.76257197510668,15.164781909229877,8897.373772884537,4.2372347349218975,9084.108881364165
