time_fs,carbon_component_size,carbon_component_indices,distance_to_largest_component_A,component_com_z_A,component_com_vz_A_fs,outward_and_separated
0.0,3,150 151 152,4.2683130178462845,26.74,-0.1075938314360088,False
5.0,3,150 151 152,3.8997731390200383,26.201963339619205,-0.10762080358631923,False
10.0,3,150 151 152,3.5673403868486036,25.663793257257122,-0.1076435333680897,False
15.0,3,150 151 152,3.2986088278377594,25.125581439510782,-0.10763729215748782,False
20.0,3,150 151 152,3.108929747895145,24.58742575435346,-0.10762404180002844,False
25.0,3,150 151 152,2.9982483239452864,24.049332203541724,-0.10762155215524453,False
30.0,3,150 151 152,2.9636835498513103,23.511155149329525,-0.1076225884056309,False
35.0,3,150 151 152,2.555155170632189,22.97349772123083,-0.1073667825847468,False
40.0,3,150 151 152,2.0809464080630704,22.43933080065319,-0.10592275987336068,False
45.0,153,0 1 2 3 4 5 6 7 8 9 10 11 12 13 14 15 16 17 18 19 20 21 22 23 24 25 26 27 28 29 30 31 32 33 34 35 36 37 38 39 40 41 42 43 44 45 46 47 48 49 50 51 52 53 54 55 56 57 58 59 60 61 62 63 64 65 66 67 68 69 70 71 72 73 74 75 76 77 78 79 80 81 82 83 84 85 86 87 88 89 90 91 92 93 94 95 96 97 98 99 100 101 102 103 104 105 106 107 108 109 110 111 112 113 114 115 116 117 118 119 120 121 122 123 124 125 126 127 128 129 130 131 132 133 134 135 136 137 138 139 140 141 142 143 144 145 146 147 148 149 150 151 152,0.0,11.508596414782419,-0.0016497521298571456,False
50.0,153,0 1 2 3 4 5 6 7 8 9 10 11 12 13 14 15 16 17 18 19 20 21 22 23 24 25 26 27 28 29 30 31 32 33 34 35 36 37 38 39 40 41 42 43 44 45 46 47 48 49 50 51 52 53 54 55 56 57 58 59 60 61 62 63 64 65 66 67 68 69 70 71 72 73 74 75 76 77 78 79 80 81 82 83 84 85 86 87 88 89 90 91 92 93 94 95 96 97 98 99 100 101 102 103 104 105 106 107 108 109 110 111 112 113 114 115 116 117 118 119 120 121 122 123 124 125 126 127 128 129 130 131 132 133 134 135 136 137 138 139 140 141 142 143 144 145 146 147 148 149 150 151 152,0.0,11.500403620329848,-0.0016280083060862518,False
55.0,153,0 1 2 3 4 5 6 7 8 9 10 11 12 13 14 15 16 17 18 19 20 21 22 23 24 25 26 27 28 29 30 31 32 33 34 35 36 37 38 39 40 41 42 43 44 45 46 47 48 49 50 51 52 53 54 55 56 57 58 59 60 61 62 63 64 65 66 67 68 69 70 71 72 73 74 75 76 77 78 79 80 81 82 83 84 85 86 87 88 89 90 91 92 93 94 95 96 97 98 99 100 101 102 103 104 105 106 107 108 109 110 111 112 113 114 115 116 117 118 119 120 121 122 123 124 125 126 127 128 129 130 131 132 133 134 135 136 137 138 139 140 141 142 143 144 145 146 147 148 149 150 151 152,0.0,11.492313394797295,-0.0016081541843695013,False
60.0,153,0 1 2 3 4 5 6 7 8 9 10 11 12 13 14 15 16 17 18 19 20 21 22 23 24 25 26 27 28 29 30 31 32 33 34 35 36 37 38 39 40 41 42 43 44 45 46 47 48 49 50 51 52 53 54 55 56 57 58 59 60 61 62 63 64 65 66 67 68 69 70 71 72 73 74 75 76 77 78 79 80 81 82 83 84 85 86 87 88 89 90 91 92 93 94 95 96 97 98 99 100 101 102 103 104 105 106 107 108 109 110 111 112 113 114 115 116 117 118 119 120 121 122 123 124 125 126 127 128 129 130 131 132 133 134 135 136 137 138 139 140 141 142 143 144 145 146 147 148 149 150 151 152,0.0,11.48432165248223,-0.0015885982286490043,False
65.0,153,0 1 2 3 4 5 6 7 8 9 10 11 12 13 14 15 16 17 18 19 20 21 22 23 24 25 26 27 28 29 30 31 32 33 34 35 36 37 38 39 40 41 42 43 44 45 46 47 48 49 50 51 52 53 54 55 56 57 58 59 60 61 62 63 64 65 66 67 68 69 70 71 72 73 74 75 76 77 78 79 80 81 82 83 84 85 86 87 88 89 90 91 92 93 94 95 96 97 98 99 100 101 102 103 104 105 106 107 108 109 110 111 112 113 114 115 116 117 118 119 120 121 122 123 124 125 126 127 128 129 130 131 132 133 134 135 136 137 138 139 140 141 142 143 144 145 146 147 148 149 150 151 152,0.0,11.476427954430232,-0.0015685744983124212,False
70.0,153,0 1 2 3 4 5 6 7 8 9 10 11 12 13 14 15 16 17 18 19 20 21 22 23 24 25 26 27 28 29 30 31 32 33 34 35 36 37 38 39 40 41 42 43 44 45 46 47 48 49 50 51 52 53 54 55 56 57 58 59 60 61 62 63 64 65 66 67 68 69 70 71 72 73 74 75 76 77 78 79 80 81 82 83 84 85 86 87 88 89 90 91 92 93 94 95 96 97 98 99 100 101 102 103 104 105 106 107 108 109 110 111 112 113 114 115 116 117 118 119 120 121 122 123 124 125 126 127 128 129 130 131 132 133 134 135 136 137 138 139 140 141 142 143 144 145 146 147 148 149 150 151 152,0.0,11.468642502275621,-0.0015446101685972966,False
75.0,152,0 1 2 3 4 5 6 7 8 9 10 11 12 13 14 15 16 17 18 19 20 21 22 23 24 25 26 27 28 29 30 31 32 33 34 35 36 37 38 39 40 41 42 43 44 45 46 47 48 49 50 51 52 53 54 55 56 57 58 59 60 61 62 63 64 65 66 67 68 69 70 71 72 73 74 75 76 77 78 79 80 81 82 83 84 85 86 87 88 89 90 91 92 93 94 95 96 97 98 99 100 101 102 103 104 105 106 107 108 109 110 111 112 113 114 115 116 117 118 119 120 121 122 123 124 125 126 127 128 129 130 131 132 133 134 135 136 137 138 139 140 141 142 143 144 145 146 147 148 149 150 152,0.0,11.412831358379924,-0.001110403297545482,False
80.0,151,0 1 2 3 4 5 6 7 8 9 10 11 12 13 14 15 16 17 18 19 20 21 22 23 24 25 26 27 28 29 30 31 32 33 34 35 36 37 38 39 40 41 42 43 44 45 46 47 48 49 50 51 52 53 54 55 56 57 58 59 60 61 62 63 64 65 66 67 68 69 70 71 72 73 74 75 76 77 78 79 80 81 82 83 84 85 86 87 88 89 90 91 92 93 94 95 96 97 98 99 100 101 102 103 104 105 106 107 108 109 110 111 112 113 114 115 116 117 118 119 120 121 122 123 124 125 126 127 128 129 130 131 132 133 134 135 136 137 138 139 140 141 142 143 144 145 146 147 148 149 150,0.0,11.347956757871971,-0.001039478751080613,False
85.0,151,0 1 2 3 4 5 6 7 8 9 10 11 12 13 14 15 16 17 18 19 20 21 22 23 24 25 26 27 28 29 30 31 32 33 34 35 36 37 38 39 40 41 42 43 44 45 46 47 48 49 50 51 52 53 54 55 56 57 58 59 60 61 62 63 64 65 66 67 68 69 70 71 72 73 74 75 76 77 78 79 80 81 82 83 84 85 86 87 88 89 90 91 92 93 94 95 96 97 98 99 100 101 102 103 104 105 106 107 108 109 110 111 112 113 114 115 116 117 118 119 120 121 122 123 124 125 126 127 128 129 130 131 132 133 134 135 136 137 138 139 140 141 142 143 144 145 146 147 148 149 150,0.0,11.342841737272524,-0.001006099691992897,False
90.0,152,0 1 2 3 4 5 6 7 8 9 10 11 12 13 14 15 16 17 18 19 20 21 22 23 24 25 26 27 28 29 30 31 32 33 34 35 36 37 38 39 40 41 42 43 44 45 46 47 48 49 50 51 52 53 54 55 56 57 58 59 60 61 62 63 64 65 66 67 68 69 70 71 72 73 74 75 76 77 78 79 80 81 82 83 84 85 86 87 88 89 90 91 92 93 94 95 96 97 98 99 100 101 102 103 104 105 106 107 108 109 110 111 112 113 114 115 116 117 118 119 120 121 122 123 124 125 126 127 128 129 130 131 132 133 134 135 136 137 138 139 140 141 142 143 144 145 146 147 148 149 150 151,0.0,11.381562265734892,-0.0012365938455103924,False
95.0,152,0 1 2 3 4 5 6 7 8 9 10 11 12 13 14 15 16 17 18 19 20 21 22 23 24 25 26 27 28 29 30 31 32 33 34 35 36 37 38 39 40 41 42 43 44 45 46 47 48 49 50 51 52 53 54 55 56 57 58 59 60 61 62 63 64 65 66 67 68 69 70 71 72 73 74 75 76 77 78 79 80 81 82 83 84 85 86 87 88 89 90 91 92 93 94 95 96 97 98 99 100 101 102 103 104 105 106 107 108 109 110 111 112 113 114 115 116 117 118 119 120 121 122 123 124 125 126 127 128 129 130 131 132 133 134 135 136 137 138 139 140 141 142 143 144 145 146 147 148 149 150 151,0.0,11.375649574879475,-0.0011269684960805773,False
100.0,152,0 1 2 3 4 5 6 7 8 9 10 11 12 13 14 15 16 17 18 19 20 21 22 23 24 25 26 27 28 29 30 31 32 33 34 35 36 37 38 39 40 41 42 43 44 45 46 47 48 49 50 51 52 53 54 55 56 57 58 59 60 61 62 63 64 65 66 67 68 69 70 71 72 73 74 75 76 77 78 79 80 81 82 83 84 85 86 87 88 89 90 91 92 93 94 95 96 97 98 99 100 101 102 103 104 105 106 107 108 109 110 111 112 113 114 115 116 117 118 119 120 121 122 123 124 125 126 127 128 129 130 131 132 133 134 135 136 137 138 139 140 141 142 143 144 145 146 147 148 149 150 151,0.0,11.370296803494881,-0.0010148912276169366,False
105.0,2,28 150,2.0013236318743846,19.461189354977154,-0.010557979813437117,False
110.0,2,28 150,1.9712321812758684,19.41412888027633,-0.008214310892826149,False
115.0,2,28 150,2.021765703967405,19.379445191793646,-0.005605143509626252,False
120.0,2,28 150,2.1507625316896637,19.358705084629417,-0.002651177516315469,False
125.0,2,28 150,2.3229823687994853,19.35285310912781,0.00027549895481608476,False
130.0,2,28 150,2.443362502601949,19.36105755029418,0.002956507129011467,False
135.0,2,28 150,2.4403910356616465,19.38188001934202,0.005316691888661636,False
140.0,2,28 150,2.4204952852261092,19.413621346649414,0.007312579059729815,False
145.0,2,28 150,2.3721630738607797,19.454523261506964,0.009015667970951033,False
150.0,2,28 150,2.4609061546652895,19.503717402498754,0.010660898229043286,False
155.0,2,28 150,2.4740220566706723,19.56101283871046,0.0122458804047595,False
160.0,2,28 150,2.4299792553878046,19.62629257197751,0.013899985034496807,False
165.0,2,28 150,2.4387217814257944,19.70029226411139,0.015708514104128705,False
170.0,2,28 150,2.4539945349847683,19.7833470303588,0.017502348162849953,False
175.0,2,28 150,2.3911195712641446,19.875015058361658,0.019107967606398706,False
180.0,2,28 150,2.3781338934531937,19.97366716786255,0.020293134472411867,False
185.0,2,28 150,2.4085418148856834,20.07778152232774,0.021372663884473894,False
190.0,2,28 150,2.4438999572790516,20.187579970816138,0.022549116642016524,False
195.0,2,28 150,2.4994525312691365,20.302923820607997,0.02353272233699833,False
200.0,2,28 150,2.6282612861272425,20.422643191833277,0.024346253068983168,False
205.0,2,28 150,2.703997852759498,20.54621838567226,0.02506229350258971,False
210.0,2,28 150,2.695767239552785,20.673089481341666,0.025668982409476987,False
215.0,2,28 150,2.8019782425742337,20.802762961311675,0.02619476089215793,False
220.0,2,28 150,2.9314003324526645,20.935052815248127,0.026721056810974544,False
225.0,2,28 150,2.947720944437649,21.06998749392146,0.027249621067409878,False
230.0,2,28 150,3.093288365532033,21.207371764922172,0.027680816152163803,False
235.0,2,28 150,3.2945975995665795,21.34656615506962,0.027976273483172262,False
240.0,2,28 150,3.2984862647625266,21.487016263770798,0.02819477019339001,False
245.0,2,28 150,3.3272762265503597,21.6284113622799,0.028354171523758312,False
250.0,2,28 150,3.2990150481630445,21.770520713642984,0.02848774176190404,False
255.0,2,28 150,3.219099012119738,21.913299928533025,0.028620507001981692,False
260.0,2,28 150,3.173392777367689,22.056583664610855,0.028688654621051943,False
265.0,2,28 150,3.204182521637637,22.200269290707254,0.028798194150151637,False
270.0,2,28 150,3.2108688258769913,22.344611820246698,0.028932884582298184,False
275.0,2,28 150,3.220527522558797,22.489487643011422,0.029010441473276288,False
280.0,2,28 150,3.328457214269099,22.634756578317745,0.02910921556034012,False
285.0,2,28 150,3.3692818999884944,22.78058046793824,0.029210130300510964,False
290.0,2,28 150,3.3272482194916,22.926840531727954,0.02929280190127915,False
295.0,2,28 150,3.3005872915598915,23.073435440307033,0.029329517703602474,False
300.0,2,28 150,3.1771941699785913,23.219944713451984,0.029261950538813326,False
305.0,2,28 150,2.998447584542373,23.366044824579795,0.029181080057660763,False
310.0,2,28 150,2.951784922262049,23.5117476007915,0.029093152245590625,False
315.0,2,28 150,2.9860094621753843,23.656985480703682,0.029017134021362044,False
320.0,2,28 150,2.902412914858753,23.80200683020814,0.028997693712538856,False
325.0,2,28 150,2.9070082016191687,23.946987885009996,0.02899474311670126,False
330.0,2,28 150,3.041729692601023,24.09194608320279,0.028986512988990368,False
335.0,2,28 150,3.0986979412837266,24.236848017130672,0.028977376409958906,False
340.0,2,28 150,3.1918412136123737,24.381737902950373,0.02897809671753104,False
345.0,2,28 150,3.396282384637756,24.526613577484824,0.028968437722632877,False
350.0,2,28 150,3.5590885795909717,24.671386220073902,0.028940437957549144,False
355.0,2,28 150,3.7080521161803097,24.816022441651555,0.028914949590054057,False
360.0,2,28 150,3.944668960831331,24.960532888946805,0.028887234055392542,False
365.0,2,28 150,4.209140738990508,25.104908847527312,0.028864901645037022,False
370.0,2,28 150,4.460929149499454,25.249194191584078,0.02885056037037175,False
375.0,2,28 150,4.704508144016794,25.39342307701714,0.028840918138230136,False
380.0,2,28 150,4.87497682238041,25.53757875067619,0.028818424763329537,False
385.0,2,28 150,4.9477745889622975,25.681604973630492,0.028794688700058618,False
390.0,2,28 150,5.018945070425764,25.825549875541952,0.0287831573964323,False
395.0,2,28 150,5.095818341213062,25.969400156342022,0.028752124694606425,False
400.0,2,28 150,5.1331832705538325,26.113078463737956,0.028727227231813892,False
405.0,2,28 150,5.1639882757053295,26.256743706132454,0.02874136633641328,False
410.0,2,28 150,5.222484380487081,26.4004780689643,0.028747735903353003,False
415.0,2,28 150,5.231574838129086,26.544188633400573,0.028737295230958106,False
420.0,2,28 150,5.237037383502171,26.687892554863264,0.028748316778456455,False
425.0,2,28 150,5.344218407370595,26.83166618155552,0.02875552679774642,False
430.0,2,28 150,5.438488067088317,26.975389848938953,0.028732152817030638,False
435.0,2,28 150,5.453285662955919,27.119014041284185,0.02872201885398461,False
440.0,2,28 150,5.554531605676709,27.2626216601578,0.02871721793738613,False
445.0,2,28 150,5.697725102938401,27.406143866566584,0.02869189751307328,False
450.0,2,28 150,5.754662706370548,27.549564239935027,0.028678359693460834,False
455.0,2,28 150,5.80384694767648,27.69294322808604,0.02867370666084637,False
460.0,2,28 150,5.845472209890572,27.836304189375223,0.028671068034636895,False
465.0,2,28 150,5.853536274280937,27.97965598805284,0.028669658770756962,False
470.0,2,28 150,5.881677149301317,28.123000782562656,0.028668363234114435,False
475.0,2,28 150,5.957554157039998,28.266341241456267,0.028667955913157756,False
480.0,2,28 150,6.012794178341452,28.409680917010714,0.02866792852463712,False
485.0,2,28 150,6.06551279921425,28.553020566637272,0.02866792855970565,False
490.0,2,28 150,6.1684317093829835,28.6963602029236,0.02866792852463712,False
495.0,2,28 150,6.26331575035598,28.839699849851122,0.02866792852463712,False
500.0,2,28 150,6.319159927744771,28.98303948797465,0.02866792852463712,False
505.0,2,28 150,6.406743472318193,29.126379131862194,0.02866792852463712,False
510.0,2,28 150,6.489886233178536,29.269718772746522,0.02866792852463712,False
515.0,2,28 150,6.505285642256664,29.413058418471262,0.02866792852463712,False
520.0,2,28 150,6.5491533796961985,29.55639806310425,0.02866792852463712,False
525.0,2,28 150,6.635591229204827,29.69973770220279,0.02866792852463712,False
530.0,2,28 150,6.676556075286403,29.84307734906926,0.02866792852463712,False
535.0,2,28 150,6.715467983780332,29.986416991012852,0.02866792855970564,False
540.0,2,28 150,6.7783250286615555,30.12975663014138,0.02866792852463712,False
545.0,2,28 150,6.797865504119466,30.273096275709392,0.02866792855970565,False
550.0,2,28 150,6.801766077875072,30.416435919162797,0.02866792855970565,False
555.0,2,28 150,6.863941419515652,30.559775557217424,0.02866792852463712,False
560.0,2,28 150,6.9464757022821635,30.703115203086753,0.02866792852463712,False
565.0,2,28 150,7.01270418024645,30.84645484373617,0.02866792852463712,False
570.0,2,28 150,7.1187137348735785,30.989794491571942,0.028667928524637124,False
575.0,2,28 150,7.25199515618206,31.13313412963192,0.02866792852463712,False
580.0,2,28 150,7.361130585674629,31.276473772688327,0.02866792855970564,False
585.0,2,28 150,7.49828613722024,31.419813414261693,0.028667928524637124,False
590.0,2,28 150,7.678346088258879,31.563153060347737,0.028667928524637124,False
595.0,2,28 150,7.852812960032604,31.706492699933243,0.02866792852463712,False
600.0,2,28 150,8.048758938137059,31.849832347845055,0.02866792852463712,False
605.0,2,28 150,8.271319546698862,31.993171986846125,0.02866792852463712,False
610.0,2,28 150,8.443153959148194,32.13651162763549,0.02866792855970565,False
615.0,2,28 150,8.553497758523118,32.279851268300966,0.02866792855970565,False
620.0,2,28 150,8.670894604368092,32.423190913367726,0.02866792852463712,False
625.0,2,28 150,8.81649191108128,32.56653055966226,0.02866792852463712,False
630.0,2,28 150,8.983687191917504,32.709870199142806,0.02866792852463712,False
635.0,2,28 150,9.176525988533339,32.8532098390764,0.02866792855970565,False
640.0,2,28 150,9.362149425746448,32.99654948567547,0.02866792855970565,False
645.0,2,28 150,9.520168964858094,33.139889126757225,0.028667928524637124,False
650.0,2,28 150,9.678770786008304,33.2832287720657,0.02866792855970565,False
655.0,2,28 150,9.86805952398496,33.426568414704036,0.02866792852463712,False
660.0,2,28 150,10.089281630853172,33.56990805741592,0.02866792852463712,False
665.0,2,28 150,10.321585617297524,33.713247697651916,0.02866792852463712,False
670.0,2,28 150,10.561874262135715,33.856587338179935,0.02866792852463712,True
675.0,2,28 150,10.792277877807246,33.99992698562121,0.02866792852463712,True
680.0,2,28 150,11.002997641740645,34.14326662469618,0.02866792855970564,True
685.0,2,28 150,11.200498699213075,34.28660627194109,0.028667928524637124,True
690.0,2,28 150,11.37791648613185,34.42994591070154,0.02866792855970565,True
695.0,2,28 150,11.52972324685999,34.57328555317387,0.02866792852463712,True
700.0,2,28 150,11.697667125850346,34.71662520059907,0.02866792855970565,True
705.0,2,28 150,11.884122038167435,34.85996483815709,0.02866792855970564,True
710.0,2,28 150,12.047440695696151,35.00330448613781,0.02866792852463712,True
715.0,2,28 150,12.223068778216552,35.14664412225169,0.02866792852463712,True
720.0,2,28 150,12.425717122000373,35.28998376750197,0.02866792852463712,True
725.0,2,28 150,12.603687301615139,35.43332340979115,0.028667928524637124,True
730.0,2,28 150,12.786883859584977,35.576663053879685,0.028667928524637124,True
735.0,2,28 150,13.013317871416747,35.720002696988935,0.02866792852463712,True
740.0,2,28 150,13.21864454069269,35.86334233392324,0.02866792852463712,True
745.0,2,28 150,13.386289887756789,36.00668198063371,0.02866792852463712,True
750.0,2,28 150,13.587176798830173,36.150021625776866,0.02866792852463712,True
755.0,2,28 150,13.80028858203573,36.29336126902714,0.02866792855970565,True
760.0,2,28 150,13.984362698719403,36.436700908525175,0.02866792852463712,True
765.0,2,28 150,14.209229547702265,36.58004055084328,0.02866792852463712,True
770.0,2,28 150,14.464463279601054,36.723380198134244,0.02866792852463712,True
775.0,2,28 150,14.680566575186432,36.86671983892539,0.02866792855970565,True
780.0,2,28 150,14.759870794738488,37.010059482196006,0.02866792852463712,True
785.0,2,28 150,14.862559629016387,37.15339912200179,0.02866792852463712,True
790.0,2,28 150,14.932702470117032,37.29673876404142,0.02866792852463712,True
795.0,2,28 150,15.013887423299172,37.44007840749875,0.028667928524637124,True
800.0,2,28 150,15.1678620819155,37.58341804774081,0.02866792852463712,True
805.0,2,28 150,15.224665500264155,37.72675769283756,0.02866792852463712,True
810.0,2,28 150,15.215959505342866,37.870097337897185,0.028667928524637124,True
815.0,2,28 150,15.208402059755496,38.013436982868264,0.028667928524637124,True
820.0,2,28 150,15.22244218739202,38.156776622693684,0.02866792852463712,True
825.0,2,28 150,15.25360523247392,38.300116263688686,0.02866792855970565,True
830.0,2,28 150,15.287481641339914,38.44345590521279,0.02866792852463712,True
835.0,2,28 150,15.337283853316167,38.58679555043663,0.02866792852463712,True
840.0,2,28 150,15.393289256204143,38.7301351925498,0.02866792852463712,True
845.0,2,28 150,15.448171113820111,38.87347483357586,0.02866792855970565,True
850.0,2,28 150,15.498657550639296,39.01681447627383,0.02866792852463712,True
855.0,2,28 150,15.524961345631613,39.16015412144056,0.02866792855970565,True
860.0,2,28 150,15.543016682689554,39.30349376436773,0.02866792855970565,True
865.0,2,28 150,15.592351470012062,39.44683340366798,0.02866792852463712,True
870.0,2,28 150,15.653146117260164,39.590173050413426,0.02866792855970565,True
875.0,2,28 150,15.716363760058112,39.73351269206997,0.02866792852463712,True
880.0,2,28 150,15.844201417196345,39.876852332197075,0.028667928524637124,True
885.0,2,28 150,16.01078339860215,40.02019197551232,0.02866792852463712,True
890.0,2,28 150,16.145354109967165,40.163531617933245,0.02866792852463712,True
895.0,2,28 150,16.31136315209388,40.306871262268125,0.02866792852463712,True
900.0,2,28 150,16.50190992246548,40.45021090513316,0.028667928524637124,True
905.0,2,28 150,16.623635590096356,40.59355054286541,0.02866792855970564,True
910.0,2,28 150,16.749585292175265,40.73689019213138,0.02866792852463712,True
915.0,2,28 150,16.93817740675912,40.88022983298036,0.028667928524637124,True
920.0,2,28 150,17.109050724494715,41.023569476202425,0.02866792855970564,True
925.0,2,28 150,17.276499508771117,41.16690911517923,0.028667928524637124,True
930.0,2,28 150,17.512428883038282,41.31024876092896,0.02866792852463712,True
935.0,2,28 150,17.75134607016743,41.45358840506819,0.02866792852463712,True
940.0,2,28 150,17.93282790193694,41.59692804781185,0.02866792852463712,True
945.0,2,28 150,18.10889800167817,41.74026768864477,0.028667928524637124,True
950.0,2,28 150,18.25320024198794,41.883607328277044,0.028667928524637124,True
955.0,2,28 150,18.331813068967563,42.026946973174944,0.02866792855970565,True
960.0,2,28 150,18.42333587811759,42.17028661558586,0.02866792852463712,True
965.0,2,28 150,18.544160644859666,42.313626256762596,0.02866792852463712,True
970.0,2,28 150,18.661500716957264,42.456965901409504,0.02866792852463712,True
975.0,2,28 150,18.799085157837236,42.60030554399108,0.02866792855970565,True
980.0,2,28 150,18.97322379582172,42.74364518695394,0.02866792855970565,True
985.0,2,28 150,19.1746529718507,42.886984831710464,0.02866792855970565,True
990.0,2,28 150,19.36586721183085,43.03032447298037,0.02866792855970565,True
995.0,2,28 150,19.575482790546857,43.173664115755805,0.02866792852463712,True
1000.0,2,28 150,19.739070754258112,43.317003755744736,0.02866792852463712,True
1005.0,2,28 150,19.822793733886048,43.460343398770085,0.02866792855970565,True
1010.0,2,28 150,19.964372641163994,43.60368303886327,0.02866792852463712,True
1015.0,2,28 150,20.07651699702389,43.747022685197074,0.02866792852463712,True
1020.0,2,28 150,20.16193594291018,43.890362331683676,0.02866792852463712,True
1025.0,2,28 150,20.291583371619616,44.033701971327744,0.02866792852463712,True
1030.0,2,28 150,20.469210756400386,44.17704161435666,0.02866792852463712,True
1035.0,2,28 150,20.56359732503443,44.320381256918964,0.02866792852463712,True
1040.0,2,28 150,20.629116320493985,44.463720899342384,0.02866792852463712,True
1045.0,2,28 150,20.780163150604494,44.60706053951161,0.02866792852463712,True
1050.0,2,28 150,20.904275392302623,44.7504001820939,0.02866792855970565,True
1055.0,2,28 150,20.96882582702189,44.89373982618636,0.02866792852463712,True
1060.0,2,28 150,21.091460962787128,45.03707947232632,0.02866792852463712,True
1065.0,2,28 150,21.228071211115715,45.180419113774015,0.02866792852463712,True
1070.0,2,28 150,21.320573664200534,45.3237587526744,0.02866792855970565,True
1075.0,2,28 150,21.47389074844316,45.46709839573367,0.02866792852463712,True
1080.0,2,28 150,21.665519209984776,45.610438037892536,0.02866792852463712,True
1085.0,2,28 150,21.787898732799587,45.75377767889433,0.02866792855970565,True
1090.0,2,28 150,21.938199028377262,45.89711732567476,0.02866792855970565,True
1095.0,2,28 150,22.070752329160474,46.040456968164946,0.02866792852463712,True
1100.0,2,28 150,22.189557061684916,46.183796606448766,0.028667928524637124,True
1105.0,2,28 150,22.323801909412065,46.32713625287469,0.02866792852463712,True
1110.0,2,28 150,22.502424801389797,46.47047589348804,0.02866792852463712,True
1115.0,2,28 150,22.67849799260171,46.61381553919886,0.02866792852463712,True
1120.0,2,28 150,22.84425216219102,46.75715518408176,0.02866792852463712,True
1125.0,2,28 150,23.030600139554718,46.90049482601892,0.02866792852463712,True
1130.0,2,28 150,23.221948481444805,47.043834465435566,0.02866792852463712,True
1135.0,2,28 150,23.364777481961294,47.1871741098572,0.02866792855970565,True
1140.0,2,28 150,23.54719885116381,47.330513750882545,0.02866792852463712,True
1145.0,2,28 150,23.7185945511118,47.473853395947515,0.028667928524637124,True
1150.0,2,28 150,23.823498203571074,47.6171930366587,0.02866792852463712,True
1155.0,2,28 150,23.928552679272695,47.760532676342386,0.02866792852463712,True
1160.0,2,28 150,24.04462302372064,47.90387232471547,0.02866792855970565,True
1165.0,2,28 150,24.1423326842841,48.04721196897501,0.02866792852463712,True
1170.0,2,28 150,24.23973296851516,48.190551605682614,0.02866792852463712,True
1175.0,2,28 150,24.372662551204968,48.333891253892894,0.02866792852463712,True
1180.0,2,28 150,24.49309798800498,48.47723089268011,0.02866792852463712,True
1185.0,2,28 150,24.589942039586415,48.62057053761479,0.02866792852463712,True
1190.0,2,28 150,24.7360022143893,48.76391017707783,0.02866792852463712,True
1195.0,2,28 150,24.882681508611537,48.9072498199311,0.02866792852463712,True
1200.0,2,28 150,24.953699412721388,49.0505894601803,0.02866792852463712,True
1205.0,2,28 150,25.0518387808205,49.19392910821065,0.02866792852463712,True
1210.0,2,28 150,25.187567288950216,49.33726874680186,0.02866792852463712,True
1215.0,2,28 150,25.271627329249544,49.480608387938595,0.02866792852463712,True
1220.0,2,28 150,25.40342854929642,49.6239480379618,0.028667928524637124,True
1225.0,2,28 150,25.623676555226897,49.76728767208925,0.028667928524637124,True
1230.0,2,28 150,25.80915101495926,49.91062731457194,0.02866792852463712,True
1235.0,2,28 150,25.96935070880675,50.05396696194717,0.02866792852463712,True
1240.0,2,28 150,26.15921815920176,50.19730660054695,0.02866792855970565,True
1245.0,2,28 150,26.30047630856355,50.34064624750768,0.02866792852463712,True
1250.0,2,28 150,26.3814190550443,50.483985889262414,0.02866792855970565,True
1255.0,2,28 150,26.505105455635057,50.627325534167795,0.02866792852463712,True
1260.0,2,28 150,26.651428067520317,50.77066517542378,0.02866792852463712,True
1265.0,2,28 150,26.770554602027893,50.914004816793295,0.02866792852463712,True
1270.0,2,28 150,26.92078673389045,51.05734446127098,0.02866792852463712,True
1275.0,2,28 150,27.088889274002277,51.20068410193539,0.02866792852463712,True
1280.0,2,28 150,27.220205957253437,51.3440237462442,0.02866792855970565,True
1285.0,2,28 150,27.3383066967025,51.48736338640307,0.02866792855970565,True
1290.0,2,28 150,27.46491149877124,51.630703029666556,0.02866792852463712,True
1295.0,2,28 150,27.593119687859776,51.774042672443414,0.028667928524637124,True
1300.0,2,28 150,27.701456152511955,51.91738231847769,0.02866792852463712,True
1305.0,2,28 150,27.83186003934962,52.0607219587401,0.02866792852463712,True
1310.0,2,28 150,27.964195437991265,52.2040615989386,0.02866792855970565,True
1315.0,2,28 150,28.073643964384086,52.347401246723315,0.02866792855970565,True
1320.0,2,28 150,28.181265556353036,52.49074088560729,0.02866792852463712,True
1325.0,2,28 150,28.294755170325494,52.63408053450411,0.02866792852463712,True
1330.0,2,28 150,28.40360036691544,52.77742017466869,0.02866792852463712,True
1335.0,2,28 150,28.570365344524248,52.92075981616209,0.028667928524637124,True
1340.0,2,28 150,28.802321098351474,53.064099458567306,0.02866792852463712,True
1345.0,2,28 150,29.026865944951304,53.20743910049447,0.02866792852463712,True
1350.0,2,28 150,29.274048767859565,53.35077874499073,0.028667928524637124,True
1355.0,2,28 150,29.559911159966155,53.49411838278329,0.02866792852463712,True
1360.0,2,28 150,29.79277403730429,53.637458028801504,0.02866792852463712,True
1365.0,2,28 150,29.976240570628924,53.78079767007247,0.02866792855970564,True
1370.0,2,28 150,30.183677762243615,53.92413731454874,0.02866792852463712,True
1375.0,2,28 150,30.369047552133395,54.067476955264915,0.02866792852463712,True
1380.0,2,28 150,30.508419673342576,54.21081659843307,0.02866792855970564,True
1385.0,2,28 150,30.70277781391984,54.354156239876474,0.02866792852463712,True
1390.0,2,28 150,30.932274098837926,54.49749588245555,0.02866792852463712,True
1395.0,2,28 150,31.07963245461728,54.64083552560729,0.02866792852463712,True
1400.0,2,28 150,31.21558349638719,54.78417517224634,0.02866792852463712,True
1405.0,2,28 150,31.39275553269063,54.927514811364155,0.02866792852463712,True
1410.0,2,28 150,31.51270443701837,55.07085445071261,0.02866792852463712,True
1415.0,2,28 150,31.64012059471723,55.21419409722528,0.02866792852463712,True
1420.0,2,28 150,31.83256459567281,55.35753373788469,0.02866792852463712,True
1425.0,2,28 150,32.01981596770652,55.50087338105784,0.02866792852463712,True
1430.0,2,28 150,32.2053076955034,55.644213027229924,0.02866792852463712,True
1435.0,2,28 150,32.4401224005183,55.78755266898929,0.02866792852463712,True
1440.0,2,28 150,32.6655569103483,55.93089231221885,0.02866792852463712,True
1445.0,2,28 150,32.83681490142396,56.07423195402786,0.02866792852463712,True
1450.0,2,28 150,33.009315290170925,56.21757160038379,0.02866792852463712,True
1455.0,2,28 150,33.19999767196692,56.360911239201,0.02866792852463712,True
1460.0,2,28 150,33.401822207710495,56.50425088144128,0.02866792852463712,True
1465.0,2,28 150,33.62267667558063,56.647590524083896,0.02866792852463712,True
1470.0,2,28 150,33.80152985519011,56.79093016786755,0.02866792852463712,True
1475.0,2,28 150,33.9738199369291,56.934269809104606,0.028667928524637124,True
1480.0,2,28 150,34.12244710687035,57.07760945543913,0.02866792852463712,True
1485.0,2,28 150,34.24746088911158,57.22094909151268,0.028667928524637124,True
1490.0,2,28 150,34.320429386199514,57.364288737618715,0.02866792852463712,True
1495.0,2,28 150,34.36893724933271,57.50762838380293,0.02866792852463712,True
1500.0,2,28 150,34.478008803205775,57.65096802072404,0.02866792855970565,True
1505.0,2,28 150,34.61001987393132,57.7943076659336,0.02866792855970564,True
1510.0,2,28 150,34.70609418139337,57.9376473093438,0.02866792855970565,True
1515.0,2,28 150,34.85666690639533,58.08098695366334,0.02866792855970565,True
1520.0,2,28 150,35.02054641254503,58.2243265936944,0.02866792852463712,True
1525.0,2,28 150,35.07857760517606,58.36766623631203,0.02866792852463712,True
1530.0,2,28 150,35.166043888964225,58.51100588131417,0.02866792852463712,True
1535.0,2,28 150,35.34035254156971,58.654345524491966,0.02866792852463712,True
1540.0,2,28 150,35.473161375978904,58.797685160802224,0.02866792855970565,True
1545.0,2,28 150,35.63040017021728,58.94102480890004,0.02866792852463712,True
1550.0,2,28 150,35.89759349288025,59.084364448430556,0.02866792855970565,True
1555.0,2,28 150,36.13754946851225,59.227704094173156,0.02866792852463712,True
1560.0,2,28 150,36.303394730158026,59.37104373324599,0.02866792852463712,True
1565.0,2,28 150,36.51534671600302,59.51438337586541,0.02866792855970565,True
1570.0,2,28 150,36.72840568771058,59.65772302088361,0.02866792855970565,True
1575.0,2,28 150,36.877547178711616,59.80106266302784,0.02866792852463712,True
1580.0,2,28 150,37.09087070149343,59.9444023048522,0.02866792855970565,True
1585.0,2,28 150,37.36017533614838,60.0877419451014,0.02866792852463712,True
1590.0,2,28 150,37.58313018900087,60.23108159181757,0.02866792852463712,True
1595.0,2,28 150,37.794925767339805,60.374421233121744,0.02866792852463712,True
1600.0,2,28 150,38.003010785340855,60.51776087678436,0.02866792852463712,True
1605.0,2,28 150,38.18819465669765,60.66110051804748,0.02866792852463712,True
1610.0,2,28 150,38.28258941887053,60.80444015891861,0.02866792852463712,True
1615.0,2,28 150,38.344819853732496,60.94777980686005,0.02866792852463712,True
1620.0,2,28 150,38.40145745696085,61.0911194433331,0.02866792852463712,True
1625.0,2,28 150,38.46980154254259,61.23445908901107,0.02866792852463712,True
1630.0,2,28 150,38.58160922426878,61.37779872970511,0.02866792852463712,True
1635.0,2,28 150,38.71656068702732,61.521138375799005,0.02866792852463712,True
1640.0,2,28 150,38.830440039383234,61.66447801710569,0.02866792852463712,True
1645.0,2,28 150,38.71150925962391,61.807817656767234,0.028667928524637124,True
1650.0,2,28 150,38.56738364573653,61.95115729989469,0.02866792855970565,True
1655.0,2,28 150,38.36649972507696,62.094496946158515,0.028667928524637124,True
1660.0,2,28 150,38.18375632056226,62.23783658830097,0.02866792852463712,True
1665.0,2,28 150,38.06103628916589,62.381176228505176,0.02866792852463712,True
1670.0,2,28 150,37.88397711018351,62.524515873955025,0.02866792852463712,True
1675.0,2,28 150,37.68851234032347,62.66785551883792,0.028667928524637124,True
1680.0,2,28 150,37.5727452480079,62.811195159202796,0.02866792852463712,True
1685.0,2,28 150,37.43596940242939,62.95453479951661,0.02866792852463712,True
1690.0,2,28 150,37.23617601988296,63.09787444719314,0.02866792852463712,True
1695.0,2,28 150,37.11390225010355,63.24121408731632,0.02866792852463712,True
1700.0,2,28 150,37.01565480813599,63.38455372644948,0.02866792852463712,True
1705.0,2,28 150,36.82931682028438,63.52789337208568,0.02866792852463712,True
1710.0,2,28 150,36.69484825627785,63.671233016290266,0.02866792852463712,True
1715.0,2,28 150,36.61705526921371,63.81457266130882,0.02866792852463712,True
1720.0,2,28 150,36.46211314843108,63.95791229981578,0.02866792852463712,True
1725.0,2,28 150,36.31931648789043,64.10125193818457,0.02866792852463712,True
1730.0,2,28 150,36.24076395411843,64.24459158469082,0.02866792855970565,True
1735.0,2,28 150,36.122341985524244,64.38793122926705,0.02866792852463712,True
1740.0,2,28 150,35.982420817383094,64.53127086922528,0.028667928524637124,True
1745.0,2,28 150,35.89110333080914,64.6746105130025,0.02866792852463712,True
1750.0,2,28 150,35.79605864350067,64.81795015694145,0.02866792852463712,True
1755.0,2,28 150,35.67168060416451,64.96128979904071,0.02866792852463712,True
1760.0,2,28 150,35.56820283651489,65.10462944121886,0.02866792852463712,True
1765.0,2,28 150,35.473617884948794,65.24796908444307,0.02866792852463712,True
1770.0,2,28 150,35.37009444487025,65.3913087285923,0.02866792852463712,True
1775.0,2,28 150,35.20820079830707,65.53464836514853,0.02866792852463712,True
1780.0,2,28 150,35.039833118174116,65.6779880135034,0.028667928524637124,True
1785.0,2,28 150,34.860434633205,65.82132765754945,0.02866792852463712,True
1790.0,2,28 150,34.68529146247923,65.96466729860086,0.02866792855970564,True
1795.0,2,28 150,34.53154346425039,66.10800693688326,0.02866792852463712,True
1800.0,2,28 150,34.358326908308975,66.2513465812067,0.02866792852463712,True
1805.0,2,28 150,34.17252639960432,66.39468622649233,0.02866792852463712,True
1810.0,2,28 150,34.0267376945571,66.53802587113745,0.02866792852463712,True
1815.0,2,28 150,33.87544913169642,66.68136551020885,0.02866792852463712,True
1820.0,2,28 150,33.68206865602636,66.82470515106176,0.02866792852463712,True
1825.0,2,28 150,33.534611175322205,66.9680447934884,0.02866792852463712,True
1830.0,2,28 150,33.410221999446534,67.11138443782615,0.028667928524637124,True
1835.0,2,28 150,33.22190203201857,67.25472407928848,0.028667928524637124,True
1840.0,2,28 150,33.0660774560523,67.3980637205316,0.02866792855970565,True
1845.0,2,28 150,32.96034961784025,67.5414033659461,0.02866792852463712,True
1850.0,2,28 150,32.79388686292574,67.68474301071974,0.02866792852463712,True
1855.0,2,28 150,32.62943661679311,67.82808265280437,0.028667928524637124,True
1860.0,2,28 150,32.52809159998923,67.9714222957808,0.02866792852463712,True
1865.0,2,28 150,32.393587880034815,68.114761935608,0.02866792852463712,True
1870.0,2,28 150,32.22752958144538,68.25810157639057,0.02866792855970565,True
1875.0,2,28 150,32.11954176191518,68.40144122193396,0.02866792852463712,True
1880.0,2,28 150,32.0127547352484,68.54478086355658,0.02866792852463712,True
1885.0,2,28 150,31.856812849552224,68.68812050806355,0.02866792852463712,True
1890.0,2,28 150,31.739115471955085,68.83146014964441,0.028667928524637124,True
1895.0,2,28 150,31.644296745536863,68.97479979054053,0.02866792852463712,True
1900.0,2,28 150,31.508233328787153,69.11813943394539,0.02866792855970565,True
1905.0,2,28 150,31.385315306634038,69.26147907642236,0.02866792852463712,True
1910.0,2,28 150,31.28611209429719,69.40481871762121,0.02866792852463712,True
1915.0,2,28 150,31.169701527791815,69.54815836068727,0.02866792855970564,True
1920.0,2,28 150,31.05019989302495,69.69149800371903,0.02866792852463712,True
1925.0,2,28 150,30.939043002717636,69.83483764632417,0.02866792852463712,True
1930.0,2,28 150,30.793074838297994,69.97817729336167,0.02866792852463712,True
1935.0,2,28 150,30.608757144922752,70.12151693176044,0.02866792852463712,True
1940.0,2,28 150,30.43508009087404,70.26485657865298,0.028667928524637124,True
1945.0,2,28 150,30.25977901764826,70.4081962202792,0.02866792852463712,True
1950.0,2,28 150,30.059548920249828,70.55153586138665,0.02866792852463712,True
1955.0,2,28 150,29.888431838097052,70.69487550807463,0.028667928524637124,True
1960.0,2,28 150,29.739249036923866,70.83821514593753,0.02866792852463712,True
1965.0,2,28 150,29.53530840918659,70.98155479024742,0.02866792852463712,True
1970.0,2,28 150,29.355703025776794,71.12489443424492,0.02866792852463712,True
1975.0,2,28 150,29.230884972268324,71.26823407367583,0.02866792855970565,True
1980.0,2,28 150,29.04606392704448,71.41157371468547,0.028667928524637124,True
1985.0,2,28 150,28.85322379170345,71.55491336202964,0.02866792852463712,True
1990.0,2,28 150,28.739149170731512,71.69825300198323,0.02866792855970564,True
1995.0,2,28 150,28.593125041607895,71.8415926478165,0.02866792852463712,True
2000.0,2,28 150,28.39298615810237,71.98493229131739,0.02866792852463712,True
