step,time_fs,potential_eV,kinetic_eV,total_eV,projectile_min_substrate_distance_A,carbon_z_A
0,0.0,-1137.0903761982918,30.0,-1107.0903761982918,4.268313016880698,26.74
1,0.25,-1137.0970187187195,30.006654923794876,-1107.0903637949245,4.249424962897739,26.713100941337913
2,0.5,-1137.1152721345425,30.02488083016619,-1107.0903913043762,4.230573002489012,26.686200689106645
3,0.75,-1137.1449507772923,30.054555823944,-1107.0903949533483,4.211758481596578,26.659299255338233
4,1.0,-1137.1858794391155,30.095481011692854,-1107.0903984274228,4.192982928132721,26.63239665673385
5,1.25,-1137.2378117740154,30.14738061605165,-1107.0904311579638,4.174248055393929,26.605492916802266
6,1.5,-1137.3003619611263,30.20990777318249,-1107.0904541879438,4.155555760034206,26.578588071068857
7,1.75,-1137.3731435835361,30.282652896708825,-1107.0904906868273,4.1369081114436534,26.551682163586385
8,2.0,-1137.4556621015072,30.365150872004406,-1107.0905112295027,4.118307348479344,26.524775238533856
9,2.25,-1137.5474365204573,30.456884415724574,-1107.0905521047328,4.09975586942423,26.497867329289114
10,2.5,-1137.6478841900826,30.557283800764484,-1107.090600389318,4.081256220131312,26.47095845156149
11,2.75,-1137.7563638687134,30.665731989428124,-1107.0906318792852,4.062811109878841,26.444048596519107
12,3.0,-1137.872247889638,30.78157065028791,-1107.09067723935,4.044423397706115,26.41713772948563
13,3.25,-1137.9948277771473,30.904103482865192,-1107.0907242942822,4.026096079769127,26.39022579375148
14,3.5,-1138.12337115407,31.032593612438475,-1107.0907775416315,4.007832284198803,26.36331271873853
15,3.75,-1138.2570820301771,31.166269159323406,-1107.0908128708538,3.989635263143431,26.336398432827444
16,4.0,-1138.3952107429504,31.304333229234857,-1107.0908775137157,3.9715083835258587,26.309482879500997
17,4.25,-1138.5368986874819,31.445971203726238,-1107.0909274837556,3.953455117505863,26.282566027671493
18,4.5,-1138.6813406050205,31.590366567733042,-1107.0909740372874,3.935479035692626,26.255647872851405
19,4.75,-1138.8277296423912,31.736707531118114,-1107.091022111273,3.9175837972091654,26.228728427318256
20,5.0,-1138.9752752780914,31.884192735014715,-1107.0910825430767,3.899773146751098,26.201807706876856
21,5.25,-1139.123154014349,32.032035280856874,-1107.091118733492,3.8820509037480955,26.17488572064066
22,5.5,-1139.2706198841333,32.17945876375222,-1107.091161120381,3.86442096429281,26.147962465787874
23,5.75,-1139.4169183373451,32.32570339316761,-1107.0912149441774,3.8468872905379947,26.12103793396534
24,6.0,-1139.5613014698029,32.470040809323486,-1107.0912606604793,3.8294539020888756,26.0941121158303
25,6.25,-1139.703087925911,32.61178638031722,-1107.0913015455938,3.81212484551631,26.067185004920233
26,6.5,-1139.841632887721,32.750292082324705,-1107.0913408053964,3.7949041544708435,26.040256601753978
27,6.75,-1139.9763169884682,32.884940314689324,-1107.0913766737788,3.7777958770592863,26.01332691604677
28,7.0,-1140.106563359499,33.01515910008677,-1107.0914042594122,3.7608040423010287,25.986395970689042
29,7.25,-1140.2318672835827,33.1404303250157,-1107.091436958567,3.743932619846979,25.95946380575065
30,7.5,-1140.351746916771,33.2602910605413,-1107.0914558562297,3.7271855059739805,25.932530479326736
31,7.75,-1140.4658150672913,33.37432986413468,-1107.0914852031565,3.710566493131747,25.90559606204096
32,8.0,-1140.57369440794,33.48218565704889,-1107.091508750891,3.69407926781118,25.87866063187493
33,8.25,-1140.6750792860985,33.58355370315337,-1107.091525582945,3.6777274204564443,25.85172427038411
34,8.5,-1140.7697176784277,33.678182401239454,-1107.0915352771883,3.6615144440225573,25.82478705937516
35,8.75,-1140.8574045747519,33.76587258299511,-1107.0915319917567,3.6454437578440806,25.797849078186673
36,9.0,-1140.9380196332932,33.846477823858386,-1107.0915418094348,3.6295187175959938,25.770910400835163
37,9.25,-1141.0114579200745,33.91990433223354,-1107.091553587841,3.6137426261863768,25.743971092296828
38,9.5,-1141.077659189701,33.986115339266185,-1107.0915438504348,3.5981187395006935,25.71703120629763
39,9.75,-1141.13667806983,34.04513571697523,-1107.0915423528547,3.582650274612394,25.690090781937553
40,10.0,-1141.1885942816734,34.09705007989269,-1107.0915442017808,3.567340415065081,25.6631498406577
41,10.25,-1141.2335203513503,34.14199298130071,-1107.0915273700496,3.5521923097405583,25.63620838684366
42,10.5,-1141.2716540917754,34.180142757816675,-1107.0915113339588,3.5372090627767547,25.609266411602444
43,10.75,-1141.303219601512,34.211717781880125,-1107.0915018196317,3.5223937165156114,25.582323896703453
44,11.0,-1141.3284707665443,34.236977956489056,-1107.0914928100553,3.507749234655841,25.555380820143263
45,11.25,-1141.34769590199,34.25622902503635,-1107.0914668769535,3.493278487048425,25.52843716038127
46,11.5,-1141.3612710908055,34.26982173550879,-1107.0914493552968,3.478984230378845,25.50149289841905
47,11.75,-1141.3695660978556,34.2781466063177,-1107.0914194915379,3.464869091108402,25.47454801697342
48,12.0,-1141.3730054199696,34.28162842495199,-1107.0913769950175,3.450935556540615,25.44760249849164
49,12.25,-1141.3720832318068,34.28072062511439,-1107.0913626066924,3.4371859708835975,25.42065632293163
50,12.5,-1141.3672141581774,34.275899063409696,-1107.0913150947677,3.423622531894831,25.393709466215206
51,12.75,-1141.3589537590742,34.267659941504704,-1107.0912938175695,3.4102472932426786,25.36676189971631
52,13.0,-1141.347778134048,34.25651378122198,-1107.091264352826,3.397062163102003,25.339813590036776
53,13.25,-1141.3342040330172,34.2429797535124,-1107.0912242795048,3.3840689104361354,25.312864498957143
54,13.5,-1141.3187836557627,34.22758508795749,-1107.0911985678051,3.371269164719096,25.285914582265296
55,13.75,-1141.3020217940211,34.21085870788264,-1107.0911630861385,3.3586644194458666,25.25896378932264
56,14.0,-1141.2844458967447,34.19332204699981,-1107.091123849745,3.3462560352209283,25.232012064382456
57,14.25,-1141.2665858864784,34.17548548637187,-1107.0911004001066,3.3340452437633212,25.205059348113327
58,14.5,-1141.2489177584648,34.15784434293261,-1107.0910734155323,3.322033148919746,25.178105580395545
59,14.75,-1141.2319169342518,34.14087323290975,-1107.091043701342,3.310220733930977,25.151150703734068
60,15.0,-1141.2160455435514,34.125021259966836,-1107.0910242835846,3.2986088622735026,25.124194668674612
61,15.25,-1141.2017170116305,34.110707268895766,-1107.0910097427347,3.2871982847589076,25.097237438094496
62,15.5,-1141.1892925426364,34.09831777651877,-1107.0909747661176,3.2759896424334145,25.070278986032648
63,15.75,-1141.1791642829776,34.08820984608386,-1107.0909544368938,3.2649834708108165,25.043319295459238
64,16.0,-1141.1716397479177,34.08070629235904,-1107.0909334555586,3.254180202291876,25.016358354273834
65,16.25,-1141.1670107915998,34.07609128365118,-1107.0909195079485,3.243580170424206,24.989396153684165
66,16.5,-1141.165512651205,34.074610494424896,-1107.0909021567802,3.233183609591871,24.962432687592703
67,16.75,-1141.1673635169864,34.076465138206814,-1107.0908983787795,3.2229906632371574,24.935467956620982
68,17.0,-1141.172712162137,34.08181124799617,-1107.0909009141408,3.2130013826876467,24.90850197015233
69,17.25,-1141.1816567778587,34.09076710076721,-1107.0908896770916,3.2032157308177305,24.881534737963225
70,17.5,-1141.194282732904,34.103413852411784,-1107.0908688804923,3.1936335859225475,24.854566259471547
71,17.75,-1141.2106635197997,34.11978732830622,-1107.0908761914934,3.184254746564644,24.827596515620428
72,18.0,-1141.230764232576,34.1398737982407,-1107.0908904343353,3.1750789378749875,24.800625464329812
73,18.25,-1141.254500977695,34.16360824674419,-1107.0908927309508,3.166105821438799,24.773653041169354
74,18.5,-1141.2817875817418,34.190878343014376,-1107.0909092387274,3.1573350011873162,24.7466791692776
75,18.75,-1141.312454611063,34.221528208347756,-1107.0909264027152,3.1487660279567296,24.719703766654753
76,19.0,-1141.3462930172682,34.25535911890881,-1107.0909338983595,3.1403984046547366,24.692726750788783
77,19.25,-1141.3830861151218,34.29213027261782,-1107.090955842504,3.132231581251085,24.665748040760302
78,19.5,-1141.4225246831775,34.33156275408814,-1107.0909619290894,3.124264963123847,24.638767557626018
79,19.75,-1141.464350566268,34.37334723210662,-1107.0910033341613,3.116497914053177,24.611785226516883
80,20.0,-1141.5081603601575,34.41714994822546,-1107.091010411932,3.108929759013883,24.584800979213355
81,20.25,-1141.5536418184638,34.46261520092701,-1107.0910266175367,3.1015597867928855,24.55781474981141
82,20.5,-1141.600426696241,34.50936707439447,-1107.0910596218464,3.094387265728759,24.53082646884237
83,20.75,-1141.6480865105987,34.55700687236028,-1107.0910796382384,3.087411434834811,24.503836059174
84,21.0,-1141.6962431445718,34.60511512894487,-1107.091128015627,3.0806315320425584,24.476843433733023
85,21.25,-1141.7443994879723,34.653255996068644,-1107.0911434919037,3.0740468051842127,24.44984849443174
86,21.5,-1141.7921450659633,34.70098013232028,-1107.091164933643,3.06765654552464,24.42285113434707
87,21.75,-1141.8390412926674,34.74784694637599,-1107.0911943462913,3.061460097755439,24.39585124234568
88,22.0,-1141.8846657425165,34.79344365836351,-1107.091222084153,3.0554568220901968,24.368848709596364
89,22.25,-1141.9286251962185,34.83738471571323,-1107.0912404805053,3.0496460585474745,24.34184343610399
90,22.5,-1141.9705675467849,34.87931101496544,-1107.0912565318195,3.0440271182794603,24.314835333517415
91,22.75,-1142.010167017579,34.91889210587914,-1107.0912749116999,3.0385992851495978,24.28782432556911
92,23.0,-1142.0471014082432,34.9558154222753,-1107.091285985968,3.033361838628746,24.26081034680436
93,23.25,-1142.0810733288527,34.98975075979991,-1107.0913225690526,3.028314095109665,24.233793345127435
94,23.5,-1142.1116993948817,35.020364532913376,-1107.0913348619683,3.02345542480068,24.20677339219532
95,23.75,-1142.138769827783,35.04744035795663,-1107.0913294698264,3.0187852641077737,24.179750635764243
96,24.0,-1142.1622471287847,35.070913092206254,-1107.0913340365785,3.0143031277185104,24.15272495954269
97,24.25,-1142.1820750758052,35.090737296140915,-1107.0913377796642,3.010008619664789,24.125695877560087
98,24.5,-1142.1981543898582,35.10679960784501,-1107.0913547820132,3.0059014382980767,24.098662703561715
99,24.75,-1142.2103035971522,35.11892859035936,-1107.091375006793,3.0019813775961492,24.071624767333425
100,25.0,-1142.2183231040835,35.126952810819446,-1107.0913702932642,2.998248328729635,24.044581565696788
101,25.25,-1142.2221288457513,35.13075940000854,-1107.0913694457427,2.9947022853057415,24.017532774076727
102,25.5,-1142.2216830328107,35.13030218078099,-1107.0913808520297,2.9913433496116943,23.990478193443828
103,25.75,-1142.2169770300388,35.12559705426205,-1107.0913799757768,2.988171734689636,23.963417740908408
104,26.0,-1142.2080756500363,35.11670841844323,-1107.091367231593,2.985187770339791,23.936351433880738
105,26.25,-1142.1951058357954,35.103737546915376,-1107.09136828888,2.982391905521024,23.90927938698281
106,26.5,-1142.17816067487,35.08682252410356,-1107.0913381507664,2.9797847094184684,23.882201805421705
107,26.75,-1142.157465159893,35.06613571238897,-1107.091329447504,2.9773668715972623,23.85511898488938
108,27.0,-1142.133209258318,35.04188453077788,-1107.09132472754,2.9751392033432302,23.82803129724451
109,27.25,-1142.105619341135,35.01430710088199,-1107.091312240253,2.9731026360847084,23.800939171693663
110,27.5,-1142.0749506875873,34.98366809224975,-1107.0912825953376,2.971258220781932,23.77384308432936
111,27.75,-1142.0415235161781,34.950255043700444,-1107.0912684724776,2.969607118914059,23.746743548292343
112,28.0,-1142.0056256651878,34.914371825902066,-1107.0912538392859,2.9681505980592147,23.7196411045939
113,28.25,-1141.967562533915,34.87633477367558,-1107.0912277602395,2.9668900218271306,23.692536315196772
114,28.5,-1141.927669160068,34.83646353375301,-1107.091205626315,2.9658268422186227,23.66542975871278
115,28.75,-1141.8862635195255,34.79507605062847,-1107.091187468897,2.9649625892978277,23.638322025524324
116,29.0,-1141.8436570763588,34.752491045578324,-1107.0911660307804,2.9642988660654415,23.61121370732785
117,29.25,-1141.8001810908318,34.70903152846013,-1107.0911495623716,2.963837342647038,23.584105408468158
118,29.5,-1141.7561396360397,34.665016204720935,-1107.0911234313187,2.9635797535128767,23.55699777319499
119,29.75,-1141.7118587717414,34.620752389062815,-1107.0911063826786,2.9635278876228535,23.529891505396485
120,30.0,-1141.6676426827908,34.57656738463824,-1107.0910752981524,2.963683568574353,23.502787320992038
121,30.25,-1141.6238983944058,34.53285489612804,-1107.0910434982777,2.9640486449226326,23.475685809705208
122,30.5,-1141.5810639485717,34.490029533103886,-1107.091034415468,2.9613845330308974,23.448587204408685
123,30.75,-1141.5394103378057,34.44837976618477,-1107.0910305716209,2.947142582239054,23.421491388008445
124,31.0,-1141.499055892229,34.40802523347628,-1107.0910306587527,2.9330876343745955,23.394398247355404
125,31.25,-1141.460050597787,34.36902301867073,-1107.0910275791161,2.9192233389351117,23.36730782045303
126,31.5,-1141.422445550561,34.33142562731856,-1107.0910199232424,2.9055534018479796,23.340220225251812
127,31.75,-1141.3863687291741,34.295352974213266,-1107.0910157549608,2.885922089235348,23.313135638477217
128,32.0,-1141.351949326694,34.2609497365071,-1107.0909995901868,2.8601198724164494,23.28605412555042
129,32.25,-1141.3193022459745,34.2282932224167,-1107.091009023558,2.83436607344729,23.258975769322834
130,32.5,-1141.2884148582816,34.197411472376544,-1107.091003385905,2.8086634790419875,23.231900688249997
131,32.75,-1141.2592936009169,34.168283031771615,-1107.0910105691453,2.7830149858951185,23.20482905550947
132,33.0,-1141.2318673953414,34.14084745695264,-1107.0910199383889,2.7574236065632642,23.177761096916925
133,33.25,-1141.2060322389007,34.11500086801781,-1107.0910313708828,2.7318924761772894,23.150697096480545
134,33.5,-1141.1816521063447,34.09060353835952,-1107.0910485679851,2.706424894480545,23.123637435516827
135,33.75,-1141.1585407480597,34.06749426209254,-1107.0910464859671,2.6810243311991244,23.096582593827073
136,34.0,-1141.13658323884,34.045517985440256,-1107.0910652533998,2.6556944125879287,23.069533126419536
137,34.25,-1141.115609884262,34.02453411248279,-1107.0910757717793,2.6304388052671905,23.0424895439459
138,34.5,-1141.0954717248678,34.00437839144061,-1107.0910933334271,2.6052611868319624,23.01545226820483
139,34.75,-1141.0759357735515,33.98482285002084,-1107.0911129235305,2.580165320555509,22.988421691326153
140,35.0,-1141.0567042008042,33.96555639336164,-1107.0911478074427,2.555155163374847,22.961398282181683
141,35.25,-1141.0373798906803,33.946208116862906,-1107.0911717738175,2.5302349886429685,22.934382711704416
142,35.5,-1141.017588749528,33.926392908075115,-1107.0911958414529,2.5054093474821166,22.907375819097037
143,35.75,-1140.9969661682844,33.90575833599971,-1107.0912078322847,2.480683031724267,22.88037857444528
144,36.0,-1140.9752403274179,33.88401378534993,-1107.091226542068,2.456061053327455,22.85339204959777
145,36.25,-1140.9521506130695,33.86089897272062,-1107.091251640349,2.4315485534328967,22.826417321769487
146,36.5,-1140.9273955523968,33.83612729777425,-1107.0912682546225,2.4071507895006294,22.799455461234984
147,36.75,-1140.9006766229868,33.80937490509953,-1107.0913017178873,2.382873153930848,22.772507560935868
148,37.0,-1140.871620580554,33.78029050402486,-1107.0913300765292,2.3587211676053927,22.745574728770517
149,37.25,-1140.8398412391543,33.74848487482846,-1107.091356364326,2.334700510017013,22.71865812418926
150,37.5,-1140.8049404025078,33.71355424596054,-1107.0913861565473,2.3108170806977935,22.691759020477587
151,37.75,-1140.7665373757482,33.6751314452532,-1107.091405930495,2.2870770079468414,22.664878814633
152,38.0,-1140.724330931902,33.63289693028612,-1107.0914340016159,2.263486585745263,22.63801895079477
153,38.25,-1140.678032591939,33.586585763884884,-1107.0914468280541,2.2400522119948674,22.611180853274373
154,38.5,-1140.627429522574,33.53596836735007,-1107.091461155224,2.2167803211140185,22.58436584353844
155,38.75,-1140.5722931474447,33.48079777594893,-1107.0914953714957,2.19367743453683,22.557575172156707
156,39.0,-1140.5123063474894,33.42079315470661,-1107.0915131927827,2.1707502885495793,22.53081014460579
157,39.25,-1140.4471837803721,33.355646181986685,-1107.0915375983855,2.1480059323792036,22.504072218137775
158,39.5,-1140.3765957131982,33.28501978777417,-1107.091575925424,2.125451811880991,22.47736306215401
159,39.75,-1140.300169840455,33.20858625017772,-1107.0915835902774,2.103095827339976,22.4506845899346
160,40.0,-1140.2177079692483,33.12608892601243,-1107.0916190432358,2.080946371974669,22.424038981633597
161,40.25,-1140.128957092762,33.03732281889003,-1107.091634273872,2.0590123021792635,22.39742866971164
162,40.5,-1140.033762961626,32.9420936032814,-1107.0916693583447,2.0373029267092084,22.370856328079647
163,40.75,-1139.931921236217,32.84023495249433,-1107.0916862837228,2.0158280222582325,22.344324874790747
164,41.0,-1139.8233335763216,32.731659133942095,-1107.0916744423796,1.9945977945018487,22.317837412441907
165,41.25,-1139.7080528363585,32.61637204754429,-1107.0916807888143,1.9736227546192113,22.291397101467354
166,41.5,-1139.5861133262515,32.49442704284383,-1107.0916862834076,1.952913665082379,22.265007111193384
167,41.75,-1139.457596719265,32.365901073794305,-1107.0916956454707,1.9324815810825398,22.238670718654348
168,42.0,-1139.3225900530815,32.230897623012545,-1107.0916924300689,1.9123378648043015,22.212391365621876
169,42.25,-1139.1812403649092,32.089551046898116,-1107.091689318011,1.892494192719607,22.186172729442927
170,42.5,-1139.033746264875,31.942063367247922,-1107.091682897627,1.8729624874890858,22.160018732975757
171,42.75,-1138.8804171606898,31.788766497824685,-1107.091650662865,1.8537547627437811,22.13393348426498
172,43.0,-1138.7217636704445,31.630135554097937,-1107.0916281163466,1.8348828737166996,22.107921122884846
173,43.25,-1138.558330051601,31.466744759445852,-1107.091585292155,1.8163583802108243,22.081985733338318
174,43.5,-1138.3907955288887,31.299240022151356,-1107.0915555067374,1.7981924662577753,22.056131319833863
175,43.75,-1138.2198382541537,31.128331975948427,-1107.0915062782053,1.7803958409326388,22.030361765130646
176,44.0,-1138.0462413355708,30.954793578126644,-1107.0914477574443,1.76297865355369,22.004680819394938
177,44.25,-1137.8708542212844,30.77945107738086,-1107.0914031439036,1.7459504728056416,21.979092129374187
178,44.5,-1137.6945211142302,30.60317682583065,-1107.0913442883996,1.7293202954225395,21.9535992808165
179,44.75,-1137.5182094275951,30.426894730059985,-1107.0913146975352,1.7130965673730494,21.928205839872497
180,45.0,-1137.3428224995732,30.251579289619947,-1107.0912432099533,1.697287153303904,21.90291538233726
181,45.25,-1137.169400073588,30.078231334591592,-1107.0911687389962,1.681899272146957,21.87773149859137
182,45.5,-1136.998982846737,29.907858355418092,-1107.0911244913189,1.6669395346187692,21.85265784479504
183,45.75,-1136.832546018064,29.741482482345845,-1107.0910635357181,1.6524139897374774,21.827698182626317
184,46.0,-1136.6711445599794,29.58015303106157,-1107.0909915289178,1.638328107094337,21.80285639730203
185,46.25,-1136.5158898979425,29.424964321699957,-1107.0909255762426,1.6246866981403576,21.77813648234626
186,46.5,-1136.3678952232003,29.27701490147978,-1107.0908803217205,1.6114938368911436,21.75354252264575
187,46.75,-1136.228127412498,29.13730509895524,-1107.0908223135427,1.5987528489308627,21.729078713794195
188,47.0,-1136.0974469482899,29.00666921678918,-1107.0907777315008,1.5864663504135876,21.704749395655856
189,47.25,-1135.9765181988478,28.885762682645364,-1107.0907555162023,1.5746363318950019,21.680559094970217
190,47.5,-1135.865826562047,28.77509305467168,-1107.0907335073753,1.5632641465761041,21.656512519202636
191,47.75,-1135.7657228708267,28.675006488905787,-1107.0907163819209,1.5523504397615997,21.632614513622148
192,48.0,-1135.6763834953308,28.585629037050545,-1107.0907544582803,1.5418951549189495,21.60887006065942
193,48.25,-1135.5976441800594,28.50687426371883,-1107.0907699163406,1.5318974403122911,21.585284241059956
194,48.5,-1135.529280424118,28.43847798956654,-1107.0908024345515,1.5223556462762051,21.561862227109664
195,48.75,-1135.4708332121372,28.379999759393833,-1107.0908334527435,1.5132673494406679,21.5386092929257
196,49.0,-1135.4217173680663,28.33082482374234,-1107.0908925443239,1.5046294287365558,21.515530835445237
197,49.25,-1135.381143629551,28.290153558219835,-1107.0909900713311,1.4964380673749296,21.49263236292663
198,49.5,-1135.3480533137918,28.25699363032856,-1107.0910596834633,1.4886887073157686,21.46991945260751
199,49.75,-1135.3213311880827,28.23018661159501,-1107.0911445764877,1.4813760751922271,21.447397736404316
200,50.0,-1135.2996923997998,28.208449880882412,-1107.0912425189174,1.4744942033349662,21.425072888141543
